bidder_id,bid_merchandise,bid_country,bid_url,total_bids,total_auctions,total_merchandises,total_devices,total_countries,total_ips,total_urls,max_bids,max_auctions,max_merchandises,max_devices,max_countries,max_ips,max_urls,bid_freq,auction_freq,device_freq,country_freq,ip_freq,url_freq,url_auction,ip_merchandise,url_merchandise,ip_device,url_device,ip_country,url_country,max_bid_in_merchandise,min_bid_in_merchandise,max_bid_in_device,max_bid_in_country,max_bid_in_url,outcome
8783939eb63e5eb4e5cd412d8480f3955ipxu                           ,518,34.53,2.66,518,155,1,290,15,517,195,1,1,1,1,1,1,1,23.09,24.3,23.67,26.63,23.09,24.07,1.26,517,195,1.78,0.67,34.47,13,518,518,13,89,8,0
88bf2c0f5460e28deb5eca2ef8e5e809ol5ru                           ,19,19,19,19,1,1,2,1,19,1,1,1,1,1,1,1,1,26.35,29.29,28.6,29.29,26.35,29.29,1,19,1,9.5,0.5,19,1,19,19,16,19,19,0
213a7fb31eef8b38a23ad6b0bf2c7fd0dx3vk                           ,14,2.8,14,14,14,1,13,5,14,1,1,1,1,1,1,1,1,26.59,26.59,26.66,27.62,26.59,29.23,0.07,14,1,1.08,0.08,2.8,0.2,14,14,2,10,14,0
ecce760edfc6ec5cd5ddc7037c514dc3zod4i                           ,9,1.8,9,9,5,1,3,5,9,1,1,1,1,1,1,1,1,26.69,27.28,27.79,27.28,26.69,28.89,0.2,9,1,3,0.33,1.8,0.2,9,9,5,4,9,0
19815d9bcdc74c3ddfb9ff210c1739f3tup3i                           ,9,3,9,9,6,1,7,3,9,1,1,1,1,1,1,1,1,26.97,27.37,27.22,28.07,26.97,29.16,0.17,9,1,1.29,0.14,3,0.33,9,9,2,6,9,0
2a73f10b3b8f2b825e220ba0a1d2c49f9nikz                           ,8,2,8,8,7,1,1,4,8,1,1,1,1,1,1,1,1,27.06,27.19,29.13,27.75,27.06,29.13,0.14,8,1,8,1,2,0.25,8,8,8,5,8,0
8066d0a6ab30c52b3ddca5da19518b6188t23                           ,8,4,8,8,2,1,2,2,8,1,1,1,1,1,1,1,1,27.12,28.51,28.51,28.51,27.12,29.2,0.5,8,1,4,0.5,4,0.5,8,8,5,7,8,0
72dbc4a9f579a9444c126a0a67118783092ec                           ,8,2,8,8,6,1,7,4,8,1,1,1,1,1,1,1,1,27.1,27.38,27.23,27.79,27.1,29.17,0.17,8,1,1.14,0.14,2,0.25,8,8,2,5,8,0
87aa94042390f9267d3b7d90e42b022ek5mbu                           ,6,1.2,6,6,4,1,1,5,6,1,1,1,1,1,1,1,1,24.85,25.25,26.64,25.03,24.85,26.64,0.25,6,1,6,1,1.2,0.2,6,6,6,2,6,0
b2968116361fd43589bde8eca72c5767o71qc                           ,6,1.2,6,6,5,1,1,5,6,1,1,1,1,1,1,1,1,24.86,25.04,26.65,25.04,24.86,26.65,0.2,6,1,6,1,1.2,0.2,6,6,6,2,6,0
43553dd8b9370fbba5efa6b652d9b43ezsj11                           ,6,1.5,6,6,4,1,3,4,6,1,1,1,1,1,1,1,1,27.47,27.88,28.17,27.88,27.47,29.26,0.25,6,1,2,0.33,1.5,0.25,6,6,3,2,6,0
c41f5fb84d9f9e2456a5264c79919569vrhau                           ,6,1.5,6,6,5,1,5,4,6,1,1,1,1,1,1,1,1,27.33,27.51,27.51,27.73,27.33,29.12,0.2,6,1,1.2,0.2,1.5,0.25,6,6,2,3,6,0
3c77ec9f79f6febf630325ef84f2a0bcl3qg1                           ,18,4.5,6,18,15,1,17,4,18,3,1,1,1,1,1,1,1,26.39,26.57,26.45,27.89,26.39,28.18,0.2,18,3,1.06,0.18,4.5,0.75,18,18,2,13,11,0
9393cc68d0357d7b200a94fdf93ee3cf7xg5l                           ,11,5.5,5.5,11,10,1,9,2,11,2,1,1,1,1,1,1,1,26.78,26.87,26.98,28.48,26.78,28.48,0.2,11,2,1.22,0.22,5.5,1,11,11,3,10,7,0
5e945cce4e72950e0930b2700e77fc8eq2abo                           ,5,1.67,5,5,5,1,3,3,5,1,1,1,1,1,1,1,1,27.59,27.59,28.11,28.11,27.59,29.2,0.2,5,1,1.67,0.33,1.67,0.33,5,5,3,3,5,0
77b342f0d8769898619a935e267eaad25rubb                           ,5,1.67,5,5,5,1,4,3,5,1,1,1,1,1,1,1,1,27.53,27.53,27.76,28.04,27.53,29.14,0.2,5,1,1.25,0.25,1.67,0.33,5,5,2,2,5,0
89c8eefbf6f83543ce0792d1e4b86057ti16q                           ,5,1,5,5,5,1,5,5,5,1,1,1,1,1,1,1,1,27.64,27.64,27.64,27.64,27.64,29.25,0.2,5,1,1,0.2,1,0.2,5,5,1,1,5,0
5097b3a4011380b5d9447e1a7a20b1a556yzj                           ,4,1.33,4,4,4,1,1,3,4,1,1,1,1,1,1,1,1,25.01,25.01,26.4,25.3,25.01,26.4,0.25,4,1,4,1,1.33,0.33,4,4,4,2,4,0
75613637a85df9328b743d33b0efbf1586qow                           ,8,8,4,8,2,1,4,1,8,2,1,1,1,1,1,1,1,26.87,28.26,27.56,28.95,26.87,28.26,1,8,2,2,0.5,8,2,8,8,5,8,7,0
f219cbb3d454b32953619d5a4551f56dcg7gy                           ,4,4,4,4,4,1,2,1,4,1,1,1,1,1,1,1,1,25.53,25.53,26.22,26.91,25.53,26.91,0.25,4,1,2,0.5,4,1,4,4,3,4,4,0
fb92fc925c5df50f4da7874a7542cf2210z1f                           ,4,2,4,4,4,1,2,2,4,1,1,1,1,1,1,1,1,27.01,27.01,27.7,27.7,27.01,28.39,0.25,4,1,2,0.5,2,0.5,4,4,3,3,4,0
0a9c5e1f261c937c09817ea2d5e949f34v8oe                           ,4,2,4,4,2,1,2,2,4,1,1,1,1,1,1,1,1,26.36,27.05,27.05,27.05,26.36,27.74,0.5,4,1,2,0.5,2,0.5,4,4,3,2,4,0
497ef6187e03fd9d4387ac436461a40f982dq                           ,4,2,4,4,2,1,2,2,4,1,1,1,1,1,1,1,1,27.08,27.77,27.77,27.77,27.08,28.46,0.5,4,1,2,0.5,2,0.5,4,4,3,3,4,0
3c0026d48f3d6e10cef6cdb1f708793ccwkhr                           ,4,2,4,4,4,1,3,2,4,1,1,1,1,1,1,1,1,25.92,25.92,26.2,26.61,25.92,27.3,0.25,4,1,1.33,0.33,2,0.5,4,4,2,2,4,0
30c3c92cc9408f55cfa895ff8a505930a3yy1                           ,4,2,4,4,2,1,3,2,4,1,1,1,1,1,1,1,1,25.87,26.56,26.16,26.56,25.87,27.25,0.5,4,1,1.33,0.33,2,0.5,4,4,2,3,4,0
758bd601d6700494300ec1647682eb34vq1zp                           ,8,4,4,8,7,1,7,2,8,2,1,1,1,1,1,1,1,27.19,27.33,27.33,28.58,27.19,28.58,0.29,8,2,1.14,0.29,4,1,8,8,2,7,5,0
90eb8151eb82441b084d04893151619837abp                           ,4,4,4,4,1,1,4,1,4,1,1,1,1,1,1,1,1,26.63,28.02,26.63,28.02,26.63,28.02,1,4,1,1,0.25,4,1,4,4,1,4,4,0
497b8beb19a7f674bc53acf7f5c7ec8cxv68x                           ,4,1.33,4,4,4,1,4,3,4,1,1,1,1,1,1,1,1,27.87,27.87,27.87,28.15,27.87,29.25,0.25,4,1,1,0.25,1.33,0.33,4,4,1,2,4,0
429b876aa7e2d6741ddf322685363ccchue2v                           ,7,3.5,3.5,7,7,1,4,2,7,2,1,1,1,1,1,1,1,26.51,26.51,27.07,27.76,26.51,27.76,0.29,7,2,1.75,0.5,3.5,1,7,7,4,6,6,0
0c55920fb607fef2d33324f33565758a6e4dj                           ,22,2.75,3.14,22,11,1,20,8,22,7,1,1,1,1,1,1,1,26.19,26.89,26.29,27.2,26.19,27.34,0.64,22,7,1.1,0.35,2.75,0.88,22,22,2,13,8,0
dd76fa7a75bd0e1921f71d255a8e0853l4lbi                           ,3,3,3,3,1,1,1,1,3,1,1,1,1,1,1,1,1,26.78,27.88,27.88,27.88,26.78,27.88,1,3,1,3,1,3,1,3,3,3,3,3,0
86a34cdbb975c141eea1854b10dbf1c8seom3                           ,3,3,3,3,1,1,1,1,3,1,1,1,1,1,1,1,1,24.95,26.05,26.05,26.05,24.95,26.05,1,3,1,3,1,3,1,3,3,3,3,3,0
461b089147eb78c582ca8a30fa7581a7mflo5                           ,3,3,3,3,1,1,2,1,3,1,1,1,1,1,1,1,1,27.76,28.86,28.16,28.86,27.76,28.86,1,3,1,1.5,0.5,3,1,3,3,2,3,3,0
d43189c6eef7a763b2f8596228807dd89x9y9                           ,3,1.5,3,3,3,1,2,2,3,1,1,1,1,1,1,1,1,27.37,27.37,27.78,27.78,27.37,28.47,0.33,3,1,1.5,0.5,1.5,0.5,3,3,2,2,3,0
0853bead89b03dd38a04d84f4312da7dukglz                           ,3,1.5,3,3,3,1,2,2,3,1,1,1,1,1,1,1,1,28.06,28.06,28.46,28.46,28.06,29.15,0.33,3,1,1.5,0.5,1.5,0.5,3,3,2,2,3,0
f4189a40cc622eaef015a19d75d9fe21mylhz                           ,3,3,3,3,3,1,3,1,3,1,1,1,1,1,1,1,1,28.08,28.08,28.08,29.18,28.08,29.18,0.33,3,1,1,0.33,3,1,3,3,1,3,3,0
fcda141af3b545332fc3b2d55a8bba74uw7s0                           ,12,1.71,3,12,12,1,12,7,12,4,1,1,1,1,1,1,1,26.77,26.77,26.77,27.31,26.77,27.87,0.33,12,4,1,0.33,1.71,0.57,12,12,1,4,9,0
024cf43497fd7381df6254888670f84bwbbam                           ,3,1.5,3,3,2,1,3,2,3,1,1,1,1,1,1,1,1,25.62,26.03,25.62,26.03,25.62,26.72,0.5,3,1,1,0.33,1.5,0.5,3,3,1,2,3,0
050a3b29ca1818e1f237df8132bc2013bcuxi                           ,11,1.83,2.75,11,9,1,8,6,11,4,1,1,1,1,1,1,1,26.91,27.11,27.23,27.51,26.91,27.92,0.44,11,4,1.38,0.5,1.83,0.67,11,11,4,4,6,0
9e72fb21f7581cfff84e833d02538e5ar35kr                           ,5,5,2.5,5,2,1,4,1,5,2,1,1,1,1,1,1,1,26.12,27.04,26.35,27.73,26.12,27.04,1,5,2,1.25,0.5,5,2,5,5,2,5,4,0
c5babbaace35399cf51a9356bbc22733xpi5h                           ,5,2.5,2.5,5,5,1,4,2,5,2,1,1,1,1,1,1,1,27.17,27.17,27.4,28.09,27.17,28.09,0.4,5,2,1.25,0.5,2.5,1,5,5,2,4,3,0
48044b1b1f47f168864bc7c4a58a65ecmt187                           ,10,3.33,2.5,10,9,1,10,3,10,4,1,1,1,1,1,1,1,26.79,26.9,26.79,28,26.79,27.71,0.44,10,4,1,0.4,3.33,1.33,10,10,1,8,6,0
97db2350652f8d01237fc4c59a470eb81h9gs                           ,5,1.67,2.5,5,2,1,5,3,5,2,1,1,1,1,1,1,1,26.99,27.9,26.99,27.5,26.99,27.9,1,5,2,1,0.4,1.67,0.67,5,5,1,3,4,0
c5120d10a23eb0c10d56a19fecbf9da85t4ow                           ,5,1.67,2.5,5,5,1,5,3,5,2,1,1,1,1,1,1,1,27.49,27.49,27.49,28,27.49,28.4,0.4,5,2,1,0.4,1.67,0.67,5,5,1,3,4,0
28c0d4c81a22958352aa742f7d74e477qwo51                           ,11,3.67,2.2,11,10,1,9,3,11,5,1,1,1,1,1,1,1,26.67,26.77,26.87,27.97,26.67,27.46,0.5,11,5,1.22,0.56,3.67,1.67,11,11,2,9,7,0
3835e3bbf9a17a33867860a9ba19621dp4wdc                           ,10,5,2,10,6,1,5,2,10,5,1,1,1,1,1,1,1,26.9,27.41,27.59,28.51,26.9,27.59,0.83,10,5,2,1,5,2.5,10,10,4,7,6,0
f3d3c913b225bc6cdb98c60f0936f7cbj8k3a                           ,2,2,2,2,2,1,1,1,2,1,1,1,1,1,1,1,1,21.74,21.74,22.43,22.43,21.74,22.43,0.5,2,1,2,1,2,1,2,2,2,2,2,0
bfc7a0819397d910db7c24eaba1ed4c68dwiq                           ,2,2,2,2,2,1,1,1,2,1,1,1,1,1,1,1,1,26.56,26.56,27.25,27.25,26.56,27.25,0.5,2,1,2,1,2,1,2,2,2,2,2,0
bf8de839c1a8b7994d19049667548e4ewchpm                           ,2,2,2,2,1,1,1,1,2,1,1,1,1,1,1,1,1,27.84,28.54,28.54,28.54,27.84,28.54,1,2,1,2,1,2,1,2,2,2,2,2,0
df12e679581fb2054907dae75c9c78ee9kzzv                           ,2,2,2,2,2,1,1,1,2,1,1,1,1,1,1,1,1,27.88,27.88,28.57,28.57,27.88,28.57,0.5,2,1,2,1,2,1,2,2,2,2,2,0
7f3516b1bd7e5571ab964ba0affe9302brn6q                           ,2,2,2,2,2,1,1,1,2,1,1,1,1,1,1,1,1,27.82,27.82,28.51,28.51,27.82,28.51,0.5,2,1,2,1,2,1,2,2,2,2,2,0
9f9dd5c179d357b53f145ae1e5cc941f5qfuy                           ,2,1,2,2,2,1,1,2,2,1,1,1,1,1,1,1,1,27.7,27.7,28.4,27.7,27.7,28.4,0.5,2,1,2,1,1,0.5,2,2,2,1,2,0
5bbc8f66464ec2d962b0360d1d74bf67imj47                           ,2,1,2,2,2,1,1,2,2,1,1,1,1,1,1,1,1,27.2,27.2,27.89,27.2,27.2,27.89,0.5,2,1,2,1,1,0.5,2,2,2,1,2,0
17e4d6d9a1f8ec00cec1d4fe79b059bd51476                           ,2,1,2,2,2,1,1,2,2,1,1,1,1,1,1,1,1,23.81,23.81,24.51,23.81,23.81,24.51,0.5,2,1,2,1,1,0.5,2,2,2,1,2,0
6ab75792932fb1ea6fc74a18edb7888c2orvk                           ,8,8,2,8,2,1,6,1,8,4,1,1,1,1,1,1,1,26.31,27.69,26.6,28.39,26.31,27,2,8,4,1.33,0.67,8,4,8,8,3,8,3,0
bd8bd6cae40abb19b81b6b6a7775f63e5tk1s                           ,4,4,2,4,4,1,3,1,4,2,1,1,1,1,1,1,1,27.69,27.69,27.98,29.08,27.69,28.39,0.5,4,2,1.33,0.67,4,2,4,4,2,4,3,0
361397432ed35185b5a2789867a859ec42v14                           ,8,2,2,8,6,1,7,4,8,4,1,1,1,1,1,1,1,27.18,27.47,27.32,27.88,27.18,27.88,0.67,8,4,1.14,0.57,2,1,8,8,2,4,4,0
b2a19e17e1b9e0bca8e4563efbff5fed7v9xe                           ,14,4.67,2,14,2,1,14,3,14,7,1,1,1,1,1,1,1,26.45,28.39,26.45,27.99,26.45,27.14,3.5,14,7,1,0.5,4.67,2.33,14,14,1,12,4,0
c616385a2762ecfd8e4ea16d8a1f2596qw07a                           ,2,2,2,2,2,1,2,1,2,1,1,1,1,1,1,1,1,21.57,21.57,21.57,22.27,21.57,22.27,0.5,2,1,1,0.5,2,1,2,2,1,2,2,0
8a7710ee3c886df8ca78c88120603cf6taql6                           ,2,2,2,2,2,1,2,1,2,1,1,1,1,1,1,1,1,28.21,28.21,28.21,28.9,28.21,28.9,0.5,2,1,1,0.5,2,1,2,2,1,2,2,0
898419c2d011d5a822e9ee07c387098ezpc12                           ,2,2,2,2,1,1,2,1,2,1,1,1,1,1,1,1,1,27.14,27.83,27.14,27.83,27.14,27.83,1,2,1,1,0.5,2,1,2,2,1,2,2,0
058a4e0ac0a20f504cc9c6aae2a896e6too9v                           ,2,2,2,2,1,1,2,1,2,1,1,1,1,1,1,1,1,27.4,28.1,27.4,28.1,27.4,28.1,1,2,1,1,0.5,2,1,2,2,1,2,2,0
1717f6d4c48ae8d3e5f2566d4bb525f854j6d                           ,2,2,2,2,2,1,2,1,2,1,1,1,1,1,1,1,1,25.28,25.28,25.28,25.97,25.28,25.97,0.5,2,1,1,0.5,2,1,2,2,1,2,2,0
9f7e3e648ea8e6815c6e7caf59412e843iqbz                           ,2,2,2,2,2,1,2,1,2,1,1,1,1,1,1,1,1,27.54,27.54,27.54,28.23,27.54,28.23,0.5,2,1,1,0.5,2,1,2,2,1,2,2,0
74cf3a0c5e4f080415888bad2f7119499lh63                           ,2,2,2,2,2,1,2,1,2,1,1,1,1,1,1,1,1,27.41,27.41,27.41,28.1,27.41,28.1,0.5,2,1,1,0.5,2,1,2,2,1,2,2,0
e959a3ae64e28a7d3b37934c0d826867o3sp6                           ,2,1,2,2,2,1,2,2,2,1,1,1,1,1,1,1,1,27.63,27.63,27.63,27.63,27.63,28.32,0.5,2,1,1,0.5,1,0.5,2,2,1,1,2,0
24108e769a15b155bd2d63c58368ae5946zhs                           ,2,1,2,2,2,1,2,2,2,1,1,1,1,1,1,1,1,27.72,27.72,27.72,27.72,27.72,28.42,0.5,2,1,1,0.5,1,0.5,2,2,1,1,2,0
420e7aebb49d7ab3c04e109a98e152d7kquiz                           ,4,1,2,4,4,1,4,4,4,2,1,1,1,1,1,1,1,27.82,27.82,27.82,27.82,27.82,28.51,0.5,4,2,1,0.5,1,0.5,4,4,1,1,3,0
d878560888b11447e73324a6e263fbd5iydo1                           ,2,1,2,2,2,1,2,2,2,1,1,1,1,1,1,1,1,28.48,28.48,28.48,28.48,28.48,29.17,0.5,2,1,1,0.5,1,0.5,2,2,1,1,2,0
f46cfa9acdb6a4c419c70c19be4ff9523uixs                           ,36,3.6,1.89,36,21,1,33,10,36,19,1,1,1,1,1,1,1,25.67,26.21,25.76,26.96,25.67,26.31,0.9,36,19,1.09,0.58,3.6,1.9,36,36,2,10,5,0
37ca0d0ded383d709676a4f9729ef39cpjfh4                           ,9,1.8,1.8,9,8,1,8,5,9,5,1,1,1,1,1,1,1,27.08,27.2,27.2,27.67,27.08,27.67,0.63,9,5,1.13,0.63,1.8,1,9,9,2,3,5,0
60849c6d966f178808d94543173cb93dog4gt                           ,7,2.33,1.75,7,6,1,7,3,7,4,1,1,1,1,1,1,1,27.05,27.21,27.05,27.9,27.05,27.61,0.67,7,4,1,0.57,2.33,1.33,7,7,1,5,3,0
3106ad6371a3b740e2af90635a4ad966zeu1u                           ,5,1,1.67,5,3,1,1,5,5,3,1,1,1,1,1,1,1,24.55,25.06,26.16,24.55,24.55,25.06,1,5,3,5,3,1,0.6,5,5,5,1,3,0
78c82f2e8764bc8001354128f9265efcqrthe                           ,5,2.5,1.67,5,2,1,3,2,5,3,2,1,1,1,1,2,1,26.25,27.17,26.77,27.17,26.25,26.77,1.5,5,3,1.67,1,2.5,1.5,5,5,3,4,3,0
e783e5f6b818d18eda4065282022ac23jd1fw                           ,5,2.5,1.67,5,2,1,4,2,5,3,1,1,1,1,1,1,1,26.76,27.68,26.98,27.68,26.76,27.27,1.5,5,3,1.25,0.75,2.5,1.5,5,5,2,4,2,0
45927dd51fb4301c459ab96d48f64752q0o9e                           ,10,1.67,1.67,10,8,1,9,6,10,6,1,1,1,1,1,1,1,26.99,27.21,27.1,27.5,26.99,27.5,0.75,10,6,1.11,0.67,1.67,1,10,10,2,3,4,0
3b8320619393a6f6bf12219b61cda688k4w4e                           ,5,2.5,1.67,5,5,1,5,2,5,3,1,1,1,1,1,1,1,27.56,27.56,27.56,28.48,27.56,28.08,0.6,5,3,1,0.6,2.5,1.5,5,5,1,4,2,0
8bf04b0a219c7834b25057c0220b4d0dhwdsg                           ,5,1.67,1.67,5,3,1,5,3,5,3,1,1,1,1,1,1,1,27.28,27.79,27.28,27.79,27.28,27.79,1,5,3,1,0.6,1.67,1,5,5,1,3,2,0
e932ef68638c37220f4c2c386cf54578x4hpn                           ,8,4,1.6,8,4,1,8,2,8,5,1,1,1,1,1,1,1,27.15,27.84,27.15,28.53,27.15,27.62,1.25,8,5,1,0.63,4,2.5,8,8,1,6,3,0
459ea22b6b51936d0788de9f78a3547bf4jrw                           ,14,14,1.56,14,2,1,12,1,14,9,1,1,1,1,1,1,1,26.1,28.05,26.26,28.74,26.1,26.54,4.5,14,9,1.17,0.75,14,9,14,14,2,14,6,0
24d4554556deeebf61510cf3e001edecu8hgj                           ,3,1,1.5,3,2,1,1,3,3,2,1,1,1,1,1,1,1,25.06,25.47,26.16,25.06,25.06,25.47,1,3,2,3,2,1,0.67,3,3,3,1,2,0
3ecced86078287dbd2eac2cfac98367fbbelu                           ,3,1,1.5,3,2,1,1,3,3,2,1,1,1,1,1,1,1,24.07,24.48,25.17,24.07,24.07,24.48,1,3,2,3,2,1,0.67,3,3,3,1,2,0
36473d4c641c4c09c20c80e2ab35a36dwzp5d                           ,3,3,1.5,3,3,1,2,1,3,2,1,1,1,1,1,1,1,27.61,27.61,28.01,28.71,27.61,28.01,0.67,3,2,1.5,1,3,2,3,3,2,3,2,0
848d3eaa622b26fe57d352eedd9649f4v6obv                           ,3,1.5,1.5,3,1,1,2,2,3,2,1,1,1,1,1,1,1,27.17,28.27,27.57,27.57,27.17,27.57,2,3,2,1.5,1,1.5,1,3,3,2,2,2,0
86a626c876e7eb4be35f4f0b0a78f97a1rn7h                           ,6,3,1.5,6,4,1,5,2,6,4,1,1,1,1,1,1,1,27.48,27.88,27.66,28.58,27.48,27.88,1,6,4,1.2,0.8,3,2,6,6,2,5,3,0
b79560ebfed7c8cbcfb97475812e0836twsnm                           ,6,2,1.5,6,6,1,5,3,6,4,1,1,1,1,1,1,1,27.44,27.44,27.62,28.13,27.44,27.84,0.67,6,4,1.2,0.8,2,1.33,6,6,2,4,3,0
0e373556d3bf588a1bb2ca6354120cf2dmvjs                           ,3,1.5,1.5,3,3,1,3,2,3,2,1,1,1,1,1,1,1,27.82,27.82,27.82,28.23,27.82,28.23,0.67,3,2,1,0.67,1.5,1,3,3,1,2,2,0
e2bda091a91082b774d59f2c5b8480ebbijs5                           ,3,1.5,1.5,3,3,1,3,2,3,2,1,1,1,1,1,1,1,28.09,28.09,28.09,28.5,28.09,28.5,0.67,3,2,1,0.67,1.5,1,3,3,1,2,2,0
1291b98e40353f77928e363d54a13c569bhfb                           ,3,1.5,1.5,3,3,1,3,2,3,2,1,1,1,1,1,1,1,23.16,23.16,23.16,23.57,23.16,23.57,0.67,3,2,1,0.67,1.5,1,3,3,1,2,2,0
537f38e5fcf2656968e0a1752dd494ba8z1jc                           ,3,1.5,1.5,3,3,1,3,2,3,2,1,1,1,1,1,1,1,26.92,26.92,26.92,27.32,26.92,27.32,0.67,3,2,1,0.67,1.5,1,3,3,1,2,2,0
9f280cd011f10593dc245dad1d93b11dy6rg5                           ,13,4.33,1.44,13,12,1,10,3,13,9,1,1,1,1,1,1,1,26.72,26.8,26.98,28.18,26.72,27.08,0.75,13,9,1.3,0.9,4.33,3,13,13,2,10,4,0
b8e47f06aef714b37073e72ac40a8100mew9c                           ,7,2.33,1.4,7,6,1,6,3,7,5,1,1,1,1,1,1,1,27.25,27.4,27.4,28.1,27.25,27.59,0.83,7,5,1.17,0.83,2.33,1.67,7,7,2,3,2,0
827da66b68b225547050c11df16f845618ptk                           ,4,4,1.33,4,3,1,3,1,4,3,1,1,1,1,1,1,1,27.24,27.53,27.53,28.62,27.24,27.53,1,4,3,1.33,1,4,3,4,4,2,4,2,0
603d769a86a359a0d41118b47c0ab41fx7kz5                           ,4,1.33,1.33,4,4,1,3,3,4,3,1,1,1,1,1,1,1,27.95,27.95,28.24,28.24,27.95,28.24,0.75,4,3,1.33,1,1.33,1,4,4,2,2,2,0
65435e491aa69dd9d44d70a9aeb6e847oqlty                           ,4,1.33,1.33,4,4,1,3,3,4,3,1,1,1,1,1,1,1,26.69,26.69,26.98,26.98,26.69,26.98,0.75,4,3,1.33,1,1.33,1,4,4,2,2,2,0
780566278695c3771f81afc605abdffa4143q                           ,4,4,1.33,4,4,1,4,1,4,3,1,1,1,1,1,1,1,27.14,27.14,27.14,28.53,27.14,27.43,0.75,4,3,1,0.75,4,3,4,4,1,4,2,0
0496c24a6a7f593f28bf7896350e946advl6i                           ,4,4,1.33,4,4,1,4,1,4,3,1,1,1,1,1,1,1,25.34,25.34,25.34,26.73,25.34,25.63,0.75,4,3,1,0.75,4,3,4,4,1,4,2,0
98783b6bd490f32f56c315307643c824nimw1                           ,4,2,1.33,4,4,1,4,2,4,3,1,1,1,1,1,1,1,27.2,27.2,27.2,27.89,27.2,27.48,0.75,4,3,1,0.75,2,1.5,4,4,1,3,2,0
0918eedd8324da06abe5600f058480dc75nfo                           ,4,1.33,1.33,4,2,1,4,3,4,3,1,1,1,1,1,1,1,27.88,28.58,27.88,28.17,27.88,28.17,1.5,4,3,1,0.75,1.33,1,4,4,1,2,2,0
af98b7d5a7c1ccd2968252a2fb1c06f69igbv                           ,4,1,1.33,4,3,1,4,4,4,3,1,1,1,1,1,1,1,27.5,27.78,27.5,27.5,27.5,27.78,1,4,3,1,0.75,1,0.75,4,4,1,1,2,0
07012e0507b4281d430b93ddcd96cae66und7                           ,9,4.5,1.29,9,9,1,8,2,9,7,1,1,1,1,1,1,1,27.1,27.1,27.22,28.61,27.1,27.35,0.78,9,7,1.13,0.88,4.5,3.5,9,9,2,8,2,0
b9fd0772481bf459179a3b4ab49171693im97                           ,9,4.5,1.29,9,8,1,8,2,9,7,1,1,1,1,1,1,1,26.94,27.06,27.06,28.44,26.94,27.19,0.88,9,7,1.13,0.88,4.5,3.5,9,9,2,8,2,0
666e1e141862a646afaa2b71fc7d2c25r1b4h                           ,10,3.33,1.25,10,6,1,7,3,10,8,1,1,1,1,1,1,1,26.82,27.33,27.18,28.03,26.82,27.05,1.33,10,8,1.43,1.14,3.33,2.67,10,10,3,7,3,0
25b58d1533e04571bbc674dab28973f8hha3w                           ,10,5,1.25,10,10,1,8,2,10,8,1,1,1,1,1,1,1,26.96,26.96,27.19,28.57,26.96,27.19,0.8,10,8,1.25,1,5,4,10,10,3,9,3,0
10c1e1164e3f8298df9a35c891f67babiycsr                           ,5,1,1.25,5,4,1,4,5,5,4,1,1,1,1,1,1,1,27.7,27.92,27.92,27.7,27.7,27.92,1,5,4,1.25,1,1,0.8,5,5,2,1,2,0
48117c1e2b56cfc8739f83683e01d9b2aoc66                           ,5,5,1.25,5,2,1,5,1,5,4,1,1,1,1,1,1,1,27.22,28.14,27.22,28.83,27.22,27.44,2,5,4,1,0.8,5,4,5,5,1,5,2,0
37921a9d842612b3b0281f7098d0002539xrj                           ,5,5,1.25,5,4,1,5,1,5,4,1,1,1,1,1,1,1,27.62,27.85,27.62,29.23,27.62,27.85,1,5,4,1,0.8,5,4,5,5,1,5,2,0
1456b44d8b2b16cd94278137269ceb11ns7wy                           ,6,6,1.2,6,6,1,6,1,6,5,1,1,1,1,1,1,1,26.95,26.95,26.95,28.74,26.95,27.13,0.83,6,5,1,0.83,6,5,6,6,1,6,2,0
5686520af5a4215a239418fec906f88e4she5                           ,6,2,1.2,6,6,1,6,3,6,5,1,1,1,1,1,1,1,27.39,27.39,27.39,28.09,27.39,27.57,0.83,6,5,1,0.83,2,1.67,6,6,1,4,2,0
8d8f705595701b921012777a281a553622300                           ,13,3.25,1.18,13,13,1,9,4,13,11,1,1,1,1,1,1,1,26.65,26.65,27.02,27.83,26.65,26.81,0.85,13,11,1.44,1.22,3.25,2.75,13,13,3,9,2,0
eace2a2890644d703c619fff7e41a9a16k7lf                           ,7,2.33,1.17,7,7,1,6,3,7,6,1,1,1,1,1,1,1,27.36,27.36,27.52,28.21,27.36,27.52,0.86,7,6,1.17,1,2.33,2,7,7,2,4,2,0
074daf9a99b01591cb0637cb95c32600roriz                           ,15,1.88,1.15,15,14,1,13,8,15,13,1,1,1,1,1,1,1,26.53,26.6,26.67,27.16,26.53,26.67,0.93,15,13,1.15,1,1.88,1.63,15,15,3,6,3,0
e268d06507859d78894a8f6e11995f48zls7t                           ,203,203,1.01,203,23,1,2,1,203,201,2,2,1,2,1,2,2,20.46,22.64,25.08,25.77,20.46,20.47,8.74,203,201,101.5,100.5,203,201,203,203,106,203,3,1
6533b670e02ccf583288ba7c8f5fb1carmirt                           ,89,89,1,89,12,1,1,1,89,89,1,1,1,1,1,1,1,21.14,23.15,25.63,25.63,21.14,21.14,7.42,89,89,89,89,89,89,89,89,89,89,1,1
e7445f6107c8cd3783fa722c7dd29fe6rcd3a                           ,2,2,1,2,2,1,1,1,2,2,1,1,1,1,1,1,1,28.01,28.01,28.7,28.7,28.01,28.01,1,2,2,2,2,2,2,2,2,2,2,1,0
aa8aeba2bdd0353a108b9b26f12ed59559mvz                           ,2,2,1,2,1,1,1,1,2,2,1,1,1,1,1,1,1,23.79,24.48,24.48,24.48,23.79,23.79,2,2,2,2,2,2,2,2,2,2,2,1,0
76ab7c99de4a3141bf617bf30bec9feep3zuy                           ,2,1,1,2,2,1,1,2,2,2,1,1,1,1,1,1,1,27.49,27.49,28.18,27.49,27.49,27.49,1,2,2,2,2,1,1,2,2,2,1,1,0
0181b91f58e6cbaa832235e2879c9c00ovrzi                           ,3,1.5,1,3,2,1,2,2,3,3,1,1,1,1,1,1,1,27.55,27.96,27.96,27.96,27.55,27.55,1.5,3,3,1.5,1.5,1.5,1.5,3,3,2,2,1,0
2baa5a9ec317cb21a11d83f6dc72a2d6xy9jb                           ,4,2,1,4,2,1,3,2,4,4,1,1,1,1,1,1,1,27.44,28.13,27.73,28.13,27.44,27.44,2,4,4,1.33,1.33,2,2,4,4,2,3,1,0
233e09e861813cd087e8937f32a29bccs7b3l                           ,6,6,1,6,5,1,6,1,6,6,1,1,1,1,1,1,1,27.43,27.61,27.43,29.22,27.43,27.43,1.2,6,6,1,1,6,6,6,6,1,6,1,0
4985bdbf8710c33fd7c9d4771db7c690mcbyr                           ,5,5,1,5,4,1,5,1,5,5,1,1,1,1,1,1,1,27.66,27.88,27.66,29.27,27.66,27.66,1.25,5,5,1,1,5,5,5,5,1,5,1,0
99bfa04865566ca88573ebfd3c7fb1f2c64cr                           ,7,3.5,1,7,3,1,7,2,7,7,1,1,1,1,1,1,1,27.12,27.97,27.12,28.37,27.12,27.12,2.33,7,7,1,1,3.5,3.5,7,7,1,6,1,0
34a7ce35b13775be4e20930ba2788a3ebu5n0                           ,3,3,1,3,1,1,3,1,3,3,1,1,1,1,1,1,1,27.66,28.76,27.66,28.76,27.66,27.66,3,3,3,1,1,3,3,3,3,1,3,1,0
d3ab33e9314c95d6806813171f292299tmprm                           ,3,3,1,3,3,1,3,1,3,3,1,1,1,1,1,1,1,28.08,28.08,28.08,29.18,28.08,28.08,1,3,3,1,1,3,3,3,3,1,3,1,0
ccc371d7848a80bc31941248b9f49b95hn694                           ,3,3,1,3,3,1,3,1,3,3,1,1,1,1,1,1,1,27.32,27.32,27.32,28.42,27.32,27.32,1,3,3,1,1,3,3,3,3,1,3,1,0
c6f07c222aa3a9d35b0e01f8959ffd21oownr                           ,3,3,1,3,2,1,3,1,3,3,1,1,1,1,1,1,1,27.6,28.01,27.6,28.7,27.6,27.6,1.5,3,3,1,1,3,3,3,3,1,3,1,0
86b6207b5e87d58ae307bdc1545a101akz0ew                           ,5,2.5,1,5,5,1,5,2,5,5,1,1,1,1,1,1,1,27.59,27.59,27.59,28.5,27.59,27.59,1,5,5,1,1,2.5,2.5,5,5,1,4,1,0
8a958e0092f6ca984107ea6c3975f806c59m2                           ,2,2,1,2,1,1,2,1,2,2,1,1,1,1,1,1,1,27.13,27.82,27.13,27.82,27.13,27.13,2,2,2,1,1,2,2,2,2,1,2,1,0
8ab98c1e6cbfb902af4e02050a886396a40bg                           ,2,2,1,2,2,1,2,1,2,2,1,1,1,1,1,1,1,26.76,26.76,26.76,27.45,26.76,26.76,1,2,2,1,1,2,2,2,2,1,2,1,0
9fbfbd8a57e4d4b18338063ffa43f1bez92lt                           ,2,2,1,2,1,1,2,1,2,2,1,1,1,1,1,1,1,28.33,29.03,28.33,29.03,28.33,28.33,2,2,2,1,1,2,2,2,2,1,2,1,0
a6f994251abda6687ada2e9de52bddb5cisa7                           ,2,2,1,2,2,1,2,1,2,2,1,1,1,1,1,1,1,24.61,24.61,24.61,25.3,24.61,24.61,1,2,2,1,1,2,2,2,2,1,2,1,0
a262e805f766306f4adb38211abf235akxqh8                           ,2,2,1,2,1,1,2,1,2,2,1,1,1,1,1,1,1,26.42,27.11,26.42,27.11,26.42,26.42,2,2,2,1,1,2,2,2,2,1,2,1,0
5fc9437841f1dbbe63a3a933c48472fcohutg                           ,2,2,1,2,1,1,2,1,2,2,1,1,1,1,1,1,1,28.02,28.71,28.02,28.71,28.02,28.02,2,2,2,1,1,2,2,2,2,1,2,1,0
fe27fe0815883aa3e1a312f0dcb45981txa2m                           ,2,2,1,2,2,1,2,1,2,2,1,1,1,1,1,1,1,28.57,28.57,28.57,29.27,28.57,28.57,1,2,2,1,1,2,2,2,2,1,2,1,0
5aeb71cdc92fe5d1c4a4e127d7ca7783gzje9                           ,2,2,1,2,2,1,2,1,2,2,1,1,1,1,1,1,1,27.88,27.88,27.88,28.58,27.88,27.88,1,2,2,1,1,2,2,2,2,1,2,1,0
764234598477e02cbf8a43983fd43850l1c8f                           ,2,2,1,2,2,1,2,1,2,2,1,1,1,1,1,1,1,26.21,26.21,26.21,26.9,26.21,26.21,1,2,2,1,1,2,2,2,2,1,2,1,0
6f6c9a1964fd4bbc082f2afdbf2d2af6ypdhn                           ,2,2,1,2,1,1,2,1,2,2,1,1,1,1,1,1,1,26.55,27.24,26.55,27.24,26.55,26.55,2,2,2,1,1,2,2,2,2,1,2,1,0
781972f2af3af2abc492f9dbb0f6fceahnban                           ,2,2,1,2,2,1,2,1,2,2,1,1,1,1,1,1,1,28.49,28.49,28.49,29.18,28.49,28.49,1,2,2,1,1,2,2,2,2,1,2,1,0
722d1147768bdb5918584997e1f677e55g0nv                           ,4,2,1,4,2,1,4,2,4,4,1,1,1,1,1,1,1,27.73,28.42,27.73,28.42,27.73,27.73,2,4,4,1,1,2,2,4,4,1,2,1,0
69b32dd82f265a04826106d17e2bac9ao9fu8                           ,2,2,1,2,2,1,2,1,2,2,1,1,1,1,1,1,1,28.04,28.04,28.04,28.73,28.04,28.04,1,2,2,1,1,2,2,2,2,1,2,1,0
f2bf8c94172c4d71076e151cb4e136007iiur                           ,2,2,1,2,2,1,2,1,2,2,1,1,1,1,1,1,1,28.31,28.31,28.31,29.01,28.31,28.31,1,2,2,1,1,2,2,2,2,1,2,1,0
90953913d629a03e27590d0d0f64456601ktd                           ,2,2,1,2,2,1,2,1,2,2,1,1,1,1,1,1,1,25.86,25.86,25.86,26.55,25.86,25.86,1,2,2,1,1,2,2,2,2,1,2,1,0
92a63dbb8323426833b944a4fc196fe27pzha                           ,2,2,1,2,2,1,2,1,2,2,1,1,1,1,1,1,1,28.44,28.44,28.44,29.13,28.44,28.44,1,2,2,1,1,2,2,2,2,1,2,1,0
fdad47d27b793b74470086c35333d4fepycsl                           ,2,2,1,2,2,1,2,1,2,2,1,1,1,1,1,1,1,25.86,25.86,25.86,26.55,25.86,25.86,1,2,2,1,1,2,2,2,2,1,2,1,0
b7515e5f181a6d4884674897226cfe9cpd6d6                           ,2,2,1,2,2,1,2,1,2,2,1,1,1,1,1,1,1,26.1,26.1,26.1,26.79,26.1,26.1,1,2,2,1,1,2,2,2,2,1,2,1,0
069d020584a0e8c61e622321d4c43881j7pl3                           ,2,2,1,2,2,1,2,1,2,2,1,1,1,1,1,1,1,25.92,25.92,25.92,26.61,25.92,25.92,1,2,2,1,1,2,2,2,2,1,2,1,0
1b268ea4fe034638a92d683b94bcb330vee4w                           ,2,2,1,2,2,1,2,1,2,2,1,1,1,1,1,1,1,28.51,28.51,28.51,29.2,28.51,28.51,1,2,2,1,1,2,2,2,2,1,2,1,0
eefb0b863345336dce70312ff0f8faeb9qksv                           ,2,2,1,2,1,1,2,1,2,2,1,1,1,1,1,1,1,27.31,28,27.31,28,27.31,27.31,2,2,2,1,1,2,2,2,2,1,2,1,0
faaa98763b59ed5f02836d4bd682035bfhujq                           ,2,2,1,2,2,1,2,1,2,2,1,1,1,1,1,1,1,23.68,23.68,23.68,24.37,23.68,23.68,1,2,2,1,1,2,2,2,2,1,2,1,0
9ca41c3c062146a06d2682835f5136807yao2                           ,5,1.67,1,5,5,1,5,3,5,5,1,1,1,1,1,1,1,27.5,27.5,27.5,28.01,27.5,27.5,1,5,5,1,1,1.67,1.67,5,5,1,3,1,0
