bidder_id,bid_merchandise,bid_country,bid_url,total_auctions,total_devices,total_countries,total_ips,total_urls,max_bids,max_auctions,max_countries,max_urls,bid_freq,auction_freq,device_freq,country_freq,ip_freq,url_freq,url_auction,ip_device,url_device,ip_country,url_country,max_bid_in_device,max_bid_in_country,max_bid_in_url,outcome
4de2f22ca840fce9ac653e4aa06d9b0cnhudf                           ,36,36,1.71,13,21,1,25,21,1,1,1,1,25.62,26.64,26.16,29.21,25.99,26.16,1.62,1.19,1,25,21,5,36,5,0
0cbd01c9e8cc800aabd3b3e4c618f9caktfgp                           ,834,27.8,1.97,70,169,30,581,423,2,2,2,2,22.44,24.92,24.04,25.76,22.8,23.12,6.04,3.44,2.5,19.37,14.1,71,694,170,0
01cda526658455000913950f20cf31a2q6nsf                           ,33,11,2.2,15,21,3,23,15,1,1,1,1,25.82,26.61,26.27,28.22,26.18,26.61,1,1.1,0.71,7.67,5,3,27,16,0
29544507566320f1125d8e9f9a0ab3f2jswhk                           ,103,5.72,1.84,50,49,18,72,56,1,1,1,1,24.69,25.41,25.43,26.44,25.05,25.3,1.12,1.47,1.14,4,3.11,11,28,21,0
0a43de0ab0a7525fec59ef4bc1dda7a2z9z69                           ,403,13.43,44.78,143,144,30,282,9,2,2,2,2,23.34,24.38,24.37,25.94,23.7,27.14,0.06,1.96,0.06,9.4,0.3,39,279,259,0
d154075c75cbb3f4b716a16c88eedd774i8s0                           ,30,7.5,5,21,10,4,21,6,1,1,1,1,25.9,26.26,27,27.92,26.26,27.51,0.29,2.1,0.6,5.25,1.5,18,24,20,0
aa7e36069de119ee3ad7c4d8c925fa3ekrs4i                           ,30,6,3.75,19,15,5,21,8,1,1,1,1,25.84,26.29,26.53,27.63,26.19,27.16,0.42,1.4,0.53,4.2,1.6,13,24,17,0
3893d2c62d59c232112efd332bc342dap8b4j                           ,10,5,3.33,8,7,2,7,3,1,1,1,1,26.93,27.15,27.28,28.54,27.28,28.13,0.38,1,0.43,3.5,1.5,3,9,8,0
322addd5687d99bf69306148e12f87dc5jbsh                           ,10,10,2.5,7,5,1,7,4,1,1,1,1,26.39,26.74,27.08,28.69,26.74,27.3,0.57,1.4,0.8,7,4,6,10,7,0
47c5cd21a74e45dd294cdd53041ec0a3dw3ge                           ,832,17.33,2.2,125,216,48,583,378,2,2,2,2,22.62,24.51,23.97,25.47,22.97,23.41,3.02,2.7,1.75,12.15,7.88,46,211,182,0
2271fe5b01f9b8f9d8409014ae4511524grmq                           ,5767,75.88,1.38,378,522,76,4055,4174,3,3,3,3,20.68,23.41,23.09,25.01,21.04,21.01,11.04,7.77,8,53.36,54.92,643,1820,412,0
d9c6b6d7290e4475bcd6d264fb33a706fqtvc                           ,675,18.24,2.29,128,179,37,475,295,2,2,2,2,22.83,24.49,24.15,25.73,23.18,23.65,2.3,2.65,1.65,12.84,7.97,44,291,142,0
23bdbb8575f191b71853bf78d09e11a1lhnfn                           ,31,7.75,2.58,16,15,4,22,12,1,1,1,1,25.75,26.41,26.47,27.79,26.09,26.7,0.75,1.47,0.8,5.5,3,11,27,15,0
cba6f45915ebbd4b5404c6d357153c0adeblt                           ,100,7.69,2.04,49,53,13,71,49,1,1,1,1,24.73,25.44,25.36,26.77,25.07,25.44,1,1.34,0.92,5.46,3.77,12,44,24,0
ef65488c949595d7885525ccfab9100c6cmqb                           ,218,12.82,1.42,80,82,17,155,153,1,1,1,1,23.95,24.95,24.93,26.5,24.29,24.3,1.91,1.89,1.87,9.12,9,15,128,30,0
70daecd44c89c37525aa2ca294378ead4dggh                           ,433,43.3,1.68,66,90,10,308,257,1,1,1,1,23.26,25.14,24.83,27.03,23.6,23.79,3.89,3.42,2.86,30.8,25.7,29,216,59,0
ff58ffde976a4899dcd89597a7877e18lntgz                           ,435,13.59,3.45,121,132,32,310,126,2,2,2,2,23.26,24.54,24.45,25.87,23.6,24.5,1.04,2.35,0.95,9.69,3.94,43,344,151,0
82ae4df0acf8237d7af1a790e3848645bp73e                           ,7,3.5,1.75,4,3,2,5,4,1,1,1,1,26.43,26.99,27.28,27.68,26.77,26.99,1,1.67,1.33,2.5,2,3,4,3,0
5850b68151cf0760e94acb39c4dfa02026k4u                           ,7,2.33,1.4,7,4,3,5,5,1,1,1,1,26.4,26.4,26.96,27.24,26.73,26.73,0.71,1.25,1.25,1.67,1.67,3,5,3,0
c1624207d78346c3c58cd44f3d5472fcriae4                           ,7,2.33,1.17,7,4,3,5,6,1,1,1,1,26.54,26.54,27.1,27.39,26.88,26.7,0.86,1.25,1.5,1.67,2,4,5,2,0
7b93ccc9d5730b561ec5fa7f4bd48c04qudf1                           ,785,24.53,1.34,181,226,32,563,584,2,2,2,2,22.67,24.14,23.92,25.87,23.01,22.97,3.23,2.49,2.58,17.59,18.25,74,204,64,0
4d6fa52e125a18f433db6e6603b58ec7k1key                           ,46,2.71,2.3,14,28,17,33,20,1,1,1,1,25.49,26.68,25.99,26.49,25.82,26.32,1.43,1.18,0.71,1.94,1.18,11,13,25,0
fb81da0790d821a22617d748d0226540ylrj6                           ,856,18.61,13.59,138,206,46,615,63,2,2,2,2,22.59,24.41,24.01,25.51,22.92,25.2,0.46,2.99,0.31,13.37,1.37,63,549,237,0
eaad20ae39d343daf76adc0b1a4984faumuzj                           ,64,64,1.68,3,46,1,46,38,1,1,1,1,25.11,28.17,25.44,29.27,25.44,25.63,12.67,1,0.83,46,38,5,64,26,0
4a2d5b70f0fcec3ad9d8ac4b447efd6f3vs9c                           ,294,14,2.75,118,106,21,212,107,1,1,1,1,23.65,24.56,24.67,26.29,23.98,24.66,0.91,2,1.01,10.1,5.1,14,218,66,0
283987b9f1ffd4514757483ee1f01351xd678                           ,127,7.06,2.19,65,65,18,92,58,2,2,2,2,24.48,25.15,25.15,26.44,24.81,25.27,0.89,1.42,0.89,5.11,3.22,9,54,36,0
e8291466de91b0eb4e1515143c7f74dexy2yr                           ,13736,114.47,66.68,589,311,120,9953,206,4,4,4,3,19.82,22.97,23.6,24.56,20.14,24.02,0.35,32,0.66,82.94,1.72,1818,1828,13049,0
c128bfe7aba668d71126d51b32428c01tkq99                           ,62,10.33,2.21,35,32,6,45,28,2,2,1,2,25.11,25.68,25.77,27.44,25.43,25.9,0.8,1.41,0.88,7.5,4.67,11,50,20,0
24284d3fc3334e0adeb6bb95637ca62d6dm96                           ,33,3.3,1.94,11,21,10,24,17,1,1,1,1,25.72,26.82,26.17,26.92,26.04,26.38,1.55,1.14,0.81,2.4,1.7,4,16,17,0
953e01bab9ac8786b4bfc77d183732bbqw6ng                           ,70,6.36,4.12,35,37,11,51,17,2,2,2,1,25.05,25.74,25.68,26.9,25.36,26.46,0.49,1.38,0.46,4.64,1.55,10,54,31,0
a027780df5d0312919d41edfd4947f27odx7t                           ,493,10.96,2.43,116,188,45,360,203,2,2,2,2,23.14,24.59,24.1,25.53,23.45,24.03,1.75,1.91,1.08,8,4.51,99,159,188,0
4089a2b7f26e5c13a7f3350bd52ebf8fh21nm                           ,669,83.63,6.76,78,140,8,489,99,2,2,1,2,22.82,24.97,24.38,27.24,23.13,24.73,1.27,3.49,0.71,61.13,12.38,108,632,259,0
a0aeb6de8a21a5b776f63530ed753fdb34k7y                           ,577,15.59,3.41,168,177,37,422,169,1,1,1,1,22.98,24.21,24.16,25.72,23.29,24.21,1.01,2.38,0.95,11.41,4.57,99,344,227,0
1b0534afb7c02bb023bd4767ae73f17dqzqdu                           ,640,29.09,2.33,58,172,22,469,275,2,1,1,2,22.88,25.28,24.19,26.25,23.19,23.72,4.74,2.73,1.6,21.32,12.5,117,577,257,0
5324221d38a79636bc4560cbcf2d75c4gimrm                           ,15,5,5,6,5,3,11,3,2,2,1,1,26.54,27.46,27.64,28.15,26.85,28.15,0.5,2.2,0.6,3.67,1,8,10,12,0
782557b3ec17063f2a36fc9193ed3200h14me                           ,109,6.06,2.48,45,56,18,80,44,1,1,1,1,24.62,25.51,25.29,26.43,24.93,25.53,0.98,1.43,0.79,4.44,2.44,11,55,22,0
d2704c8bb6ebbf13e08f37131382b126wy4yc                           ,2258,45.16,2.26,237,276,50,1659,997,2,2,2,2,21.62,23.88,23.72,25.43,21.93,22.44,4.21,6.01,3.61,33.18,19.94,211,1946,504,1
cab0d4e41ea81636de3bd3a1800d8da8x4yca                           ,53,10.6,1.66,33,29,5,39,32,1,1,1,1,25.36,25.83,25.96,27.72,25.66,25.86,0.97,1.34,1.1,7.8,6.4,11,30,19,0
162886daa0054ff1ad422e0f18cddff3qofft                           ,72,4.5,3,52,27,16,53,24,1,1,1,1,25.05,25.37,26.03,26.55,25.36,26.15,0.46,1.96,0.89,3.31,1.5,28,22,38,0
78a444127a896122678835e12ef507deh01hn                           ,38,38,3.17,16,22,1,28,12,1,1,1,1,25.66,26.53,26.21,29.3,25.97,26.82,0.75,1.27,0.55,28,12,7,38,16,0
6679d668a393f336ba9d1cb6a154e03aifmkr                           ,19,2.38,1.19,17,13,8,14,16,1,1,1,1,26.25,26.36,26.63,27.11,26.55,26.42,0.94,1.08,1.23,1.75,2,5,7,4,0
ba0ca6f98ed66bdd1c4e86db2ce4011fdk6ii                           ,657,14.93,10.43,123,176,44,485,63,2,2,2,2,22.85,24.53,24.17,25.55,23.15,25.2,0.51,2.76,0.36,11.02,1.43,70,358,218,0
a447127835855849fa2ee496d05e0847fgt68                           ,688,26.46,2.94,128,155,26,508,234,2,2,1,2,22.8,24.48,24.29,26.08,23.1,23.88,1.83,3.28,1.51,19.54,9,154,626,312,0
613c7d60152ebf06e3a7dd326ba03261mnn8u                           ,54,7.71,4.15,42,33,7,40,13,1,1,1,1,25.34,25.59,25.83,27.38,25.64,26.76,0.31,1.21,0.39,5.71,1.86,5,27,18,0
61337802cac534b7e7711793039782d6f1yy9                           ,31,31,3.44,11,20,1,23,9,1,1,1,1,25.86,26.89,26.29,29.29,26.15,27.09,0.82,1.15,0.45,23,9,4,31,8,0
28a0d5539562290a1a2f63d5b7230db090ys3                           ,70,7.78,23.33,29,37,9,52,3,2,2,2,1,25.05,25.93,25.68,27.1,25.34,28.2,0.1,1.41,0.08,5.78,0.33,15,49,30,0
e0fde4b9b7ec14e80de3c811ecae157f6kqd9                           ,105,13.13,9.55,47,59,8,78,11,1,1,1,1,24.68,25.48,25.25,27.25,24.97,26.93,0.23,1.32,0.19,9.75,1.38,13,89,37,0
57c4421263d37c2cd2573cd7245a7a80h0mjf                           ,105,6.18,2.84,60,50,17,78,37,1,1,1,1,24.68,25.24,25.42,26.5,24.97,25.72,0.62,1.56,0.74,4.59,2.18,11,76,36,0
a9062f1d7c589bb01ee0b330ee8791fc702il                           ,117,39,16.71,6,23,3,87,7,1,1,1,1,24.56,27.53,26.19,28.22,24.86,27.38,1.17,3.78,0.3,29,2.33,28,113,111,0
1ba9422d7a55aa5abc3ff37d1cafa9f2yds7i                           ,710,17.75,8.26,127,189,40,530,86,2,2,2,2,22.78,24.5,24.1,25.65,23.07,24.89,0.68,2.8,0.46,13.25,2.15,73,499,238,0
67fbdc4209a1566288acba904a2b5a7ee588g                           ,1911,22.75,159.25,325,375,84,1428,12,2,2,2,2,21.79,23.56,23.42,24.91,22.08,26.86,0.04,3.81,0.03,17,0.14,82,936,1889,0
9ae9782ecff93ddf1c6fa13d711b9fe1gc266                           ,521,16.81,9.3,126,156,31,390,56,1,1,1,1,23.08,24.5,24.29,25.9,23.37,25.31,0.44,2.5,0.36,12.58,1.81,52,303,139,0
85499f83c5f1674c87d0fe77838c4da793u8y                           ,12,6,12,6,6,2,9,1,1,1,1,1,26.22,26.91,26.91,28.01,26.51,28.7,0.17,1.5,0.17,4.5,0.5,3,10,12,0
86091a1e6c99358936979baf67d54457x1dzy                           ,4,1.33,4,4,1,3,3,1,1,1,1,1,27.85,27.85,29.24,28.14,28.14,29.24,0.25,3,1,1,0.33,4,2,4,0
03e884d3e7e3356608187d2345e4693fyt29x                           ,4,4,2,3,3,1,3,2,1,1,1,1,26.75,27.04,27.04,28.14,27.04,27.45,0.67,1,0.67,3,2,2,4,2,0
2c72df02de4b36acf72ba549630808612ol08                           ,4,2,2,3,3,2,3,2,1,1,1,1,27.07,27.35,27.35,27.76,27.35,27.76,0.67,1,0.67,1.5,1,2,2,3,0
3b947f8c954acf4354d2c3bdcd494fb0x54ee                           ,4,2,2,3,3,2,3,2,1,1,1,1,27.33,27.62,27.62,28.03,27.62,28.03,0.67,1,0.67,1.5,1,2,2,3,0
c755d2832026bc2a6f5d2d6df5740f06mr3nj                           ,4,2,2,4,3,2,3,2,1,1,1,1,27.8,27.8,28.09,28.49,28.09,28.49,0.5,1,0.67,1.5,1,2,3,3,0
85ac49e7f93bf0e20323de78362bb4aadnwia                           ,24,8,1.41,19,14,3,18,17,1,1,1,1,26.14,26.37,26.68,28.22,26.43,26.49,0.89,1.29,1.21,6,5.67,5,21,4,0
ab3e02a6b47b250b738fdb010dc84cd7lrr07                           ,36,36,1.38,16,26,1,27,26,1,1,1,1,25.74,26.55,26.06,29.32,26.03,26.06,1.63,1.04,1,27,26,4,36,10,0
6da536112251f09a006b0c5223f154d46en4j                           ,4,2,1.33,4,2,2,3,3,1,1,1,1,27.37,27.37,28.07,28.07,27.66,27.66,0.75,1.5,1.5,1.5,1.5,2,3,2,0
e97becf0d4632035ad4cd5e65c827d6f0xawy                           ,4,1.33,1.33,4,2,3,3,3,1,1,1,1,27.9,27.9,28.6,28.19,28.19,28.19,0.75,1.5,1.5,1,1,3,2,2,0
1dce9aaf9d6b9cba38f9c7489764fe30nlrq2                           ,4,4,1.33,3,3,1,3,3,1,1,1,1,27.79,28.08,28.08,29.18,28.08,28.08,1,1,1,3,3,2,4,2,0
47e0637718480102d235233c83661a7850foh                           ,4,1.33,1.33,3,3,3,3,3,1,1,1,1,27.78,28.07,28.07,28.07,28.07,28.07,1,1,1,1,1,2,2,2,0
ed5fc53d096bcf1b86c30128040e775334ut0                           ,88,6.29,1.16,44,38,14,66,76,1,1,1,1,24.86,25.56,25.7,26.7,25.15,25.01,1.73,1.74,2,4.71,5.43,7,49,4,0
d5b75c812d172da1ecb3164a1cfb7527688gb                           ,4,4,1,3,3,1,3,4,1,1,1,1,27.29,27.58,27.58,28.67,27.58,27.29,1.33,1,1.33,3,4,2,4,1,0
0d1815382b08885d76c671ab600133adeyp5e                           ,1676,36.43,4.01,160,281,46,1260,418,3,3,2,3,21.92,24.27,23.7,25.51,22.2,23.31,2.61,4.48,1.49,27.39,9.09,88,1175,416,0
246c55639cf85c682d58cbd2ed6a6563vk2yn                           ,500,13.16,10.64,135,157,38,376,47,2,2,1,2,23.13,24.44,24.29,25.7,23.41,25.49,0.35,2.39,0.3,9.89,1.24,29,389,141,0
83c9359ad94eab7f4b8fd582a6db4733frmsr                           ,65,3.82,16.25,40,38,17,49,4,1,1,1,1,25.12,25.61,25.66,26.46,25.4,27.91,0.1,1.29,0.11,2.88,0.24,4,32,45,0
a25f4c6838b83e0fcba372300c23c2537k5eq                           ,57,14.25,1.5,14,39,4,43,38,1,1,1,1,25.22,26.63,25.6,27.88,25.51,25.63,2.71,1.1,0.97,10.75,9.5,5,50,11,0
76f17ce227e593aeff456fed46e36c83a3j72                           ,1574,31.48,1.93,177,248,50,1189,817,2,2,2,2,21.98,24.17,23.83,25.43,22.26,22.64,4.62,4.79,3.29,23.78,16.34,182,1297,217,0
67fd1325fbe3cd75a110cc80b9df9708l0w52                           ,123,17.57,1.98,51,42,7,93,62,1,1,1,1,24.46,25.34,25.54,27.33,24.74,25.15,1.22,2.21,1.48,13.29,8.86,20,107,31,0
4f891171f7b09f54d8b4f30b48421f178m75r                           ,466,18.64,5.68,125,129,25,353,82,1,1,1,1,23.2,24.51,24.48,26.12,23.47,24.93,0.66,2.74,0.64,14.12,3.28,30,382,128,0
715ee2811c764d5c58aa228ee801e518gqvli                           ,33,4.71,16.5,25,20,7,25,2,1,1,1,1,25.84,26.12,26.34,27.39,26.12,28.64,0.08,1.25,0.1,3.57,0.29,6,20,25,0
f80075873f7183a03b1b10ac3f740032v6w99                           ,229,5.33,7.39,68,89,43,174,31,2,1,2,1,23.89,25.1,24.83,25.56,24.16,25.89,0.46,1.96,0.35,4.05,0.72,28,78,134,0
d29003d7f3ec1f0e4ca9cc17e6389b4a4phcg                           ,25,6.25,1.56,7,14,4,19,16,1,1,1,1,26,27.27,26.58,27.83,26.27,26.45,2.29,1.36,1.14,4.75,4,6,21,8,0
1dead8a9cc54fdcf7a7c16dc6e06a3bbusgcu                           ,46,2.3,23,29,10,20,35,2,1,1,1,1,25.49,25.96,27.02,26.33,25.77,28.63,0.07,3.5,0.2,1.75,0.1,15,8,45,0
67a1b129ca241c51d0abb5484f8eb3fct8o5c                           ,1718,33.69,572.67,128,217,51,1308,3,5,4,3,1,21.87,24.47,23.94,25.39,22.14,28.22,0.02,6.03,0.01,25.65,0.06,153,1047,1714,1
fbacab353140582a4b8ae3412eefecbc753vs                           ,101,25.25,2.81,43,46,4,77,36,1,1,1,1,24.71,25.56,25.5,27.94,24.98,25.74,0.84,1.67,0.78,19.25,9,12,89,57,0
5ddf9ae899e629acf3e78141a9712a05a4feq                           ,280,31.11,1.57,56,100,9,214,178,1,1,1,1,23.7,25.3,24.72,27.13,23.96,24.15,3.18,2.14,1.78,23.78,19.78,17,240,57,0
c478f94c1323552e85aec6e1013ecba586320                           ,51,12.75,51,7,10,4,39,1,2,2,2,1,24.91,26.9,26.54,27.46,25.18,28.84,0.14,3.9,0.1,9.75,0.25,15,40,51,0
46c0ae10d60c4fde2b6301bbafecd7b8dcla1                           ,224,9.33,1.93,100,92,24,172,116,1,1,1,1,23.92,24.72,24.8,26.15,24.18,24.57,1.16,1.87,1.26,7.17,4.83,17,138,56,0
f0567f6d45c0f83b9874681fe8dfe0ba6hjlf                           ,761,16.54,5.18,192,202,46,585,147,2,2,2,2,22.7,24.08,24.03,25.51,22.96,24.34,0.77,2.9,0.73,12.72,3.2,115,229,499,0
59d96b423ea3ed56611686300b681f3defm4n                           ,26,2.6,5.2,10,19,10,20,5,1,1,1,1,26.03,26.99,26.34,26.99,26.29,27.68,0.5,1.05,0.26,2,0.5,5,9,12,0
961ab8cb7952191816db53f8a11a35fe1zecm                           ,13,3.25,1,9,8,4,10,13,1,1,1,1,26.71,27.08,27.2,27.89,26.98,26.71,1.44,1.25,1.63,2.5,3.25,3,8,1,0
282fe85277f7c07b0ffbc5fed621a02ezp1zr                           ,679,14.45,2.42,116,193,47,523,281,2,2,2,2,22.82,24.59,24.08,25.49,23.08,23.7,2.42,2.71,1.46,11.13,5.98,49,227,103,0
0ad17aa9111f657d71cd3005599afc24fd44y                           ,4165,54.09,4.05,393,423,77,3215,1028,3,3,2,2,21.01,23.37,23.3,25,21.27,22.41,2.62,7.6,2.43,41.75,13.35,232,3235,1308,1
37bf6f23b628a3e2b5b22ba81beccbef0efoh                           ,3065,47.89,17.12,260,384,64,2368,179,3,2,2,3,21.32,23.78,23.39,25.18,21.57,24.16,0.69,6.17,0.47,37,2.8,255,2469,654,0
a6e261c09ae8aa7d0a47ffeb0110aa519jowa                           ,341,7.58,1.59,48,111,45,264,215,1,1,1,1,23.5,25.46,24.63,25.53,23.76,23.96,4.48,2.38,1.94,5.87,4.78,68,94,104,0
80e753fbea14f966b1fc6d1e194d4e66822ms                           ,125,62.5,3.13,35,45,2,97,40,1,1,1,1,24.49,25.77,25.52,28.63,24.75,25.63,1.14,2.16,0.89,48.5,20,8,124,44,0
585e7c21b80baf2225224fe140cdb1a73ddrf                           ,224,8.3,6.4,93,98,27,174,35,1,1,1,1,23.93,24.8,24.75,26.04,24.18,25.78,0.38,1.78,0.36,6.44,1.3,39,105,107,0
01067975436d123f717ee5aba0dd4bbfa0937                           ,261,5.55,65.25,11,105,47,203,4,1,1,1,1,23.77,26.94,24.68,25.49,24.02,27.95,0.36,1.93,0.04,4.32,0.09,13,57,252,0
b4495464d4503ccb8e696994059983c89g4lc                           ,18,3.6,9,14,13,5,14,2,1,1,1,1,26.39,26.65,26.72,27.68,26.65,28.59,0.14,1.08,0.15,2.8,0.4,5,13,11,0
308def7f05575db9bcb6a67207d6c1beb2cqt                           ,27,9,2.7,15,11,3,21,10,1,1,1,1,25.94,26.53,26.84,28.14,26.19,26.93,0.67,1.91,0.91,7,3.33,14,24,16,0
0e66933c924764a59760aaae5368e7d1e0s88                           ,36,5.14,1.8,25,20,7,28,20,1,1,1,1,25.64,26,26.23,27.28,25.89,26.23,0.8,1.4,1,4,2.86,5,25,16,0
d2fe98eb0fa21252956184a98138c58dwp1ah                           ,18,3,1.8,12,13,6,14,10,1,1,1,1,26.17,26.57,26.49,27.27,26.42,26.75,0.83,1.08,0.77,2.33,1.67,3,10,9,0
ae817305e82b580f9ab89f1a379488e39il4q                           ,416,8.49,1.76,123,147,49,324,237,2,2,2,2,23.31,24.53,24.35,25.45,23.56,23.87,1.93,2.2,1.61,6.61,4.84,36,120,101,0
5c2b3f221cdf303df86ff1ffd7106fcco6pml                           ,964,17.21,1.47,224,307,56,752,657,2,2,2,2,22.47,23.93,23.62,25.32,22.72,22.85,2.93,2.45,2.14,13.43,11.73,83,354,121,0
46a28eaed47c29b4fd148a50cde44840u0bsn                           ,12233,218.45,16.85,487,739,56,9557,726,3,3,3,3,19.93,23.16,22.74,25.32,20.18,22.76,1.49,12.93,0.98,170.66,12.96,1006,1393,10804,1
5a6376f140f05274d6e0dc888cbeb89eukxkd                           ,245,20.42,2.72,83,85,12,192,90,1,1,1,1,23.81,24.89,24.87,26.83,24.06,24.81,1.08,2.26,1.06,16,7.5,25,210,69,0
b7e16fd4fd9ff04b7d741b70730b7b6b1aw84                           ,348,16.57,2.58,87,123,21,273,135,2,2,1,2,23.48,24.86,24.52,26.28,23.72,24.42,1.55,2.22,1.1,13,6.43,37,263,110,0
56b55e6ab49a4cbe7c76a2bbca804089pjq0g                           ,418,8.71,1.5,181,172,48,328,279,2,2,2,2,23.31,24.14,24.19,25.47,23.55,23.71,1.54,1.91,1.62,6.83,5.81,23,98,37,0
22fb740f267ac617118261b2fd3365batisfg                           ,42,8.4,1.91,14,26,5,33,22,1,1,1,1,25.53,26.63,26.01,27.66,25.77,26.17,1.57,1.27,0.85,6.6,4.4,10,36,18,0
0565a780f2c5b46837bbe9739ef15ea92fdu0                           ,622,18.29,7.78,155,167,34,489,80,2,2,1,2,22.91,24.3,24.23,25.82,23.15,24.96,0.52,2.93,0.48,14.38,2.35,60,439,173,0
c780bc2dc7ab83d5e5c85dd13f0f7fdecfxjq                           ,672,24,1.96,131,160,28,529,343,2,2,2,2,22.83,24.46,24.26,26.01,23.07,23.5,2.62,3.31,2.14,18.89,12.25,68,589,165,1
9372e27ce85a8c8b9460b87c37cf55ecqjjkd                           ,62,12.4,2.38,26,41,5,49,26,1,1,1,1,25.19,26.06,25.61,27.71,25.43,26.06,1,1.2,0.63,9.8,5.2,5,46,19,0
3105d663ef3dff7e483a46c56580a9f9kd7f8                           ,24,4,12,11,5,6,19,2,1,1,1,1,25.61,26.39,27.18,27,25.85,28.1,0.18,3.8,0.4,3.17,0.33,10,15,23,0
f27321571b5b6184e86acb6203c766f2bsfxg                           ,63,10.5,2.42,15,28,6,50,26,1,1,1,1,25.17,26.61,25.99,27.53,25.41,26.06,1.73,1.79,0.93,8.33,4.33,17,31,33,0
6faffebbde541edfccdb2725e430870cbkvo0                           ,68,9.71,2.19,16,40,7,54,31,1,1,1,1,25.06,26.51,25.59,27.33,25.29,25.85,1.94,1.35,0.78,7.71,4.43,21,54,33,0
3bc8edfa1995a99110b957ee98fb5c76nkl7t                           ,275,8.59,1.38,103,91,32,219,199,2,2,2,2,23.72,24.7,24.83,25.87,23.95,24.04,1.93,2.41,2.19,6.84,6.22,28,55,52,0
3dbb502d9d6f89b26f62cc804df54dcandhp0                           ,113,37.67,2.35,36,49,3,90,48,1,1,1,1,24.6,25.75,25.44,28.23,24.83,25.46,1.33,1.84,0.98,30,16,16,111,37,0
e0413f338c43c9d55ba53612d2068f65t4gs6                           ,305,8.24,2.06,140,127,37,243,148,1,1,1,1,23.62,24.4,24.5,25.73,23.85,24.34,1.06,1.91,1.17,6.57,4,35,118,89,0
48badabcce6015d257ff5809761486c8qgjul                           ,1064,23.13,12.09,193,248,46,851,88,2,2,2,2,22.37,24.08,23.83,25.51,22.6,24.86,0.46,3.43,0.35,18.5,1.91,105,689,268,0
1680f758aecded6e25096b3a6199b38en6n73                           ,5,2.5,5,5,2,2,4,1,1,1,1,1,26.16,26.16,27.08,27.08,26.39,27.77,0.2,2,0.5,2,0.5,3,3,5,0
559bccfe60c7193963f09388fb681ea65k7dp                           ,5,2.5,5,2,3,2,4,1,1,1,1,1,27.15,28.07,27.66,28.07,27.38,28.76,0.5,1.33,0.33,2,0.5,3,4,5,0
88e24a019c32a60f2ff315a9d217ec33q144x                           ,10,2,3.33,8,8,5,8,3,1,1,1,1,26.88,27.11,27.11,27.58,27.11,28.09,0.38,1,0.38,1.6,0.6,2,4,6,0
cefd0ed907595de146c91e6c26b8ad658ilo9                           ,5,5,2.5,4,2,1,4,2,1,1,1,1,27.35,27.57,28.26,28.96,27.57,28.26,0.5,2,1,4,2,4,5,4,0
dc52611b1a2c84c0949da5af9870d57fj6ab0                           ,5,1.67,2.5,4,3,3,4,2,1,1,1,1,25.88,26.1,26.39,26.39,26.1,26.8,0.5,1.33,0.67,1.33,0.67,3,3,4,0
14bcf558addd6e6f2818ab2bda7dc679jqoon                           ,10,5,2,9,9,2,8,5,1,1,1,1,26.94,27.05,27.05,28.55,27.16,27.63,0.56,0.89,0.56,4,2.5,2,8,3,0
f01e3769fdce36d31eae85525827ab17xeu31                           ,10,5,1.67,9,6,2,8,6,1,1,1,1,26.98,27.08,27.49,28.58,27.2,27.49,0.67,1.33,1,4,3,4,7,4,0
3d94b376bae8dd60eea48ded36134a3962glw                           ,5,2.5,1,4,3,2,4,5,1,1,1,1,27.51,27.73,28.02,28.42,27.73,27.51,1.25,1.33,1.67,2,2.5,3,4,1,0
6a3b1ee159716b743ddb8e07e499fadbhqn74                           ,5,5,1,4,5,1,4,5,1,1,1,1,27.35,27.57,27.35,28.96,27.57,27.35,1.25,0.8,1,4,5,1,5,1,0
2d82c3dc726d2bfa19c5f16ec3de5023lbse1                           ,5,1.25,1,5,5,4,4,5,1,1,1,1,27.59,27.59,27.59,27.81,27.81,27.59,1,0.8,1,1,1.25,1,2,1,0
c435ac9dcda855341e667d440c2ef7c6nd3mg                           ,91,4.33,3.25,54,47,21,73,28,1,1,1,1,24.82,25.34,25.48,26.29,25.04,26,0.52,1.55,0.6,3.48,1.33,8,29,15,0
4ab12bc61c82ddd9c2d65e60555808acqgos1                           ,132,66,1.76,21,44,2,106,75,1,1,1,1,24.43,26.27,25.53,28.62,24.65,24.99,3.57,2.41,1.7,53,37.5,15,131,49,0
e4a9bdad09ebc5d5a264723855fcaaad6q52x                           ,305,16.94,2.02,31,103,18,245,151,1,1,1,1,23.62,25.9,24.7,26.45,23.84,24.32,4.87,2.38,1.47,13.61,8.39,24,160,76,0
f473c995ca7b5287f9b2f079f0d78a1e92226                           ,235,8.1,1.39,53,109,29,189,169,2,2,1,2,23.88,25.37,24.65,25.97,24.1,24.21,3.19,1.73,1.55,6.52,5.83,17,114,49,0
1def3e23e479c9739abce6b3518013d39oejk                           ,190,7.31,1.58,66,94,26,153,120,2,2,2,2,24.08,25.13,24.78,26.06,24.29,24.53,1.82,1.63,1.28,5.88,4.62,20,94,50,0
fae553f133602fba6e9e6051dfb27fefkruax                           ,36,6,36,13,8,6,29,1,1,1,1,1,25.24,26.26,26.75,27.03,25.46,28.83,0.08,3.63,0.13,4.83,0.17,25,24,36,1
175a06fdcf622c9455d0a77990b9302dj23ke                           ,403,14.39,1.71,126,132,28,325,236,1,1,1,1,23.34,24.5,24.45,26.01,23.55,23.87,1.87,2.46,1.79,11.61,8.43,60,303,50,0
43c76d050c9d2509d85c9dc2b1a1dba4zb3qt                           ,83,10.38,1.34,46,42,8,67,62,1,1,1,1,24.91,25.5,25.59,27.25,25.12,25.2,1.35,1.6,1.48,8.38,7.75,8,59,19,0
6f6e3687f67272b103351641b678225abarzw                           ,58,58,1.61,11,39,1,47,36,2,2,1,2,25.24,26.9,25.64,29.3,25.45,25.72,3.27,1.21,0.92,47,36,7,58,13,0
96b7bb4238e7ebb439d81d63db4c2796aoofv                           ,16,5.33,2.67,10,12,3,13,6,1,1,1,1,26.41,26.88,26.7,28.09,26.62,27.39,0.6,1.08,0.5,4.33,2,2,9,5,0
1cbd9081de4481ada66f1853737f7684ddjd1                           ,521,23.68,173.67,76,4,22,425,3,2,2,2,1,23.09,25.01,27.96,26.25,23.29,28.24,0.04,106.25,0.75,19.32,0.14,428,175,519,1
d91a4421996dcf429f575e372915cdcedae6g                           ,454,13.76,6.78,109,159,33,371,67,2,2,2,2,23.22,24.65,24.27,25.84,23.42,25.13,0.61,2.33,0.42,11.24,2.03,33,244,95,0
721e69fd30e33488bf82b7e2f9c8cee28a9ea                           ,33,4.13,11,24,25,8,27,3,1,1,1,1,25.8,26.12,26.08,27.22,26,28.2,0.13,1.08,0.12,3.38,0.38,5,24,15,0
0141844fc725a85e38e12cc02fcdbbe8ofqxv                           ,11,2.2,5.5,9,7,5,9,2,1,1,1,1,26.57,26.77,27.02,27.36,26.77,28.28,0.22,1.29,0.29,1.8,0.4,4,4,8,0
a124589b3af5a212406c0306584a9554fazi4                           ,11,1.38,2.2,11,8,8,9,5,1,1,1,1,26.78,26.78,27.1,27.1,26.98,27.57,0.45,1.13,0.63,1.13,0.63,3,4,7,0
c7d335bf99b9c71fb22797ecbd78b92ashv4h                           ,89,4.24,2.12,47,58,21,73,42,1,1,1,1,24.8,25.44,25.23,26.24,25,25.55,0.89,1.26,0.72,3.48,2,9,31,27,0
92f8392be617527734a2f18482815af9ak8l3                           ,807,21.81,11.05,172,204,37,663,73,2,2,2,2,22.65,24.19,24.02,25.73,22.84,25.05,0.42,3.25,0.36,17.92,1.97,55,578,196,0
cdf76f38b6f46a3bd396a99123d26909xq5c3                           ,383,7.37,3.83,105,163,52,315,100,1,1,1,1,23.39,24.69,24.25,25.39,23.59,24.73,0.95,1.93,0.61,6.06,1.92,14,130,89,0
6429ef4aebc7d1f4027b31a6e900d165nqvyz                           ,62,3.65,12.4,40,40,17,51,5,1,1,1,1,25.17,25.61,25.61,26.46,25.37,27.69,0.13,1.28,0.13,3,0.29,4,30,41,0
e909515a6ae94a86027c717c4085954akbpt2                           ,397,10.45,4.96,109,149,38,327,80,2,2,1,2,23.36,24.65,24.34,25.7,23.55,24.96,0.73,2.19,0.54,8.61,2.11,18,186,92,0
8af01eeb860c2e6b1512377f28953110ml638                           ,312,9.18,4.73,126,133,34,257,66,1,1,1,1,23.59,24.5,24.45,25.81,23.79,25.15,0.52,1.93,0.5,7.56,1.94,17,212,83,0
12c1b22ede3c23949bf130cc7bac6316ks7fj                           ,23,11.5,2.56,15,12,2,19,9,1,1,1,1,26.14,26.57,26.79,28.58,26.33,27.08,0.6,1.58,0.75,9.5,4.5,4,20,5,0
e8581ec94cd4d5009ab6b36c6aca9f0cp3txb                           ,23,23,2.56,15,16,1,19,9,1,1,1,1,26.15,26.58,26.51,29.28,26.34,27.09,0.6,1.19,0.56,19,9,4,23,8,0
26508777dcd84df59b467a60d9f18ca1pvvbs                           ,64,4.27,2.21,21,38,15,53,29,1,1,1,1,25.17,26.29,25.69,26.62,25.36,25.96,1.38,1.39,0.76,3.53,1.93,12,25,21,0
25331706aa2157419da068e93f3989feyo7a0                           ,111,37,2.06,33,48,3,92,54,1,1,1,1,24.63,25.84,25.46,28.24,24.81,25.35,1.64,1.92,1.13,30.67,18,22,109,32,0
862eef3a75e1351593b54975cd8ae1b3swcxw                           ,785,14.02,4.34,187,208,56,651,181,2,2,1,2,22.68,24.11,24,25.32,22.86,24.14,0.97,3.13,0.87,11.63,3.23,62,439,194,0
ead2ec4563ba25a9e9d417f1964b7504teqtp                           ,1051,80.85,10.62,95,199,13,875,99,2,2,1,2,22.38,24.78,24.04,26.77,22.56,24.74,1.04,4.4,0.5,67.31,7.62,95,1030,300,0
1b7c070ffb2c23c1d02ae5bc5d817d06qz4xb                           ,6,3,6,6,5,2,5,1,1,1,1,1,27.27,27.27,27.45,28.37,27.45,29.06,0.17,1,0.2,2.5,0.5,2,4,6,0
6b9a3d480add21788772e118e6d51ed57e3w9                           ,6,3,6,5,5,2,5,1,1,1,1,1,27.32,27.5,27.5,28.42,27.5,29.11,0.2,1,0.2,2.5,0.5,2,5,6,0
069d251f2fc19102924468ab38349d5eou7ab                           ,6,6,3,6,3,1,5,2,1,1,1,1,27.43,27.43,28.13,29.22,27.61,28.53,0.33,1.67,0.67,5,2,4,6,5,0
2366cd7cf3df530ef4fe40b36ffb936fyn3rh                           ,6,2,2,6,5,3,5,3,1,1,1,1,27.52,27.52,27.7,28.21,27.7,28.21,0.5,1,0.6,1.67,1,2,2,3,0
67d245e38ee756947ed395fa099807fchxv99                           ,6,2,2,5,5,3,5,3,1,1,1,1,27.35,27.53,27.53,28.04,27.53,28.04,0.6,1,0.6,1.67,1,2,3,4,0
a48837ccd05bca96ddbf02c55ecccf639adk2                           ,6,2,1.5,5,5,3,5,4,1,1,1,1,26.91,27.09,27.09,27.6,27.09,27.31,0.8,1,0.8,1.67,1.33,2,2,2,0
24a32bf10c4a5d4d91c27da4710c869a0nqim                           ,6,1.5,1.5,5,5,4,5,4,1,1,1,1,27.24,27.42,27.42,27.64,27.42,27.64,0.8,1,0.8,1.25,1,2,2,3,0
19353c42feb91a216885fe012efdfb11s2iu8                           ,6,6,1.2,4,4,1,5,5,1,1,1,1,27.11,27.52,27.52,28.9,27.29,27.29,1.25,1.25,1.25,5,5,2,6,2,0
429f301119adc32d35541dd4d60903563s7nr                           ,30,10,1.2,13,22,3,25,25,1,1,1,1,25.88,26.72,26.19,28.19,26.07,26.07,1.92,1.14,1.14,8.33,8.33,3,27,4,0
031da7aea2d4b75ac8ecba4825bc1318yki1d                           ,6,2,1.2,5,5,3,5,5,1,1,1,1,26.42,26.6,26.6,27.11,26.6,26.6,1,1,1,1.67,1.67,2,4,2,0
86e50263881b0d382b55777185eb648aagh1g                           ,331,14.39,2.19,61,122,23,276,151,1,1,1,1,23.53,25.22,24.53,26.2,23.71,24.31,2.48,2.26,1.24,12,6.57,30,267,133,0
b1c9bacacf1f33a8fe48d1a4ae4c761bcltiv                           ,187,6.45,2.6,94,86,29,156,72,2,2,1,2,24.1,24.79,24.88,25.96,24.28,25.05,0.77,1.81,0.84,5.38,2.48,27,48,62,0
c2d1b8c1b7a9c8010f5b215e8aadb1d7gahpp                           ,92,11.5,1.92,55,49,8,77,48,2,2,1,2,24.8,25.31,25.43,27.24,24.98,25.45,0.87,1.57,0.98,9.63,6,6,77,8,0
99bcfc00be736e03facf0afeb79ac533cs7tp                           ,129,7.17,6.79,44,55,18,108,19,1,1,1,1,24.47,25.54,25.32,26.43,24.64,26.38,0.43,1.96,0.35,6,1.06,17,97,67,0
e7a98dc8545eb429007cb48799a40a2dc9p6o                           ,972,138.86,324,8,139,7,815,3,2,2,1,1,22.46,27.26,24.41,27.4,22.64,28.24,0.38,5.86,0.02,116.43,0.43,151,953,970,0
17b41c48d6f53585c7bf3b65977eada0yxs8n                           ,25,2.5,2.78,18,18,10,21,9,1,1,1,1,26.06,26.39,26.39,26.98,26.23,27.08,0.5,1.17,0.5,2.1,0.9,2,13,9,0
64e802fa8e0c17ec2ba1b6425648b7cb7ndkn                           ,310,12.4,10.33,106,146,25,261,30,2,2,2,2,23.6,24.67,24.35,26.12,23.77,25.93,0.28,1.79,0.21,10.44,1.2,19,82,152,0
1870650d20a97db60ce4133bb9352b69h9phj                           ,38,2.11,2.71,21,28,18,32,14,1,1,1,1,25.68,26.27,25.98,26.43,25.85,26.68,0.67,1.14,0.5,1.78,0.78,3,11,13,0
3ce8aa0207022698b6d0eef09c89b381jzqi1                           ,38,2.92,1.52,15,22,13,32,25,1,1,1,1,25.59,26.52,26.13,26.66,25.76,26,1.67,1.45,1.14,2.46,1.92,5,12,11,0
11a38554244f3c14de043aaf52345c35jjqvo                           ,89,44.5,2.41,14,48,2,75,37,1,1,1,1,24.76,26.61,25.38,28.56,24.93,25.64,2.64,1.56,0.77,37.5,18.5,11,88,36,0
8bc2a424939c50eaf4a652e253421b0f9b0y9                           ,338,14.08,8.24,90,118,24,285,41,1,1,1,1,23.52,24.84,24.57,26.16,23.69,25.63,0.46,2.42,0.35,11.88,1.71,28,207,112,0
5053e03863b6887308c8446cefeec429l94tg                           ,423,18.39,2.23,94,117,23,357,190,2,1,1,1,23.29,24.79,24.57,26.2,23.46,24.09,2.02,3.05,1.62,15.52,8.26,64,356,160,0
367edc726ba8e667973844395493559dtf2o3                           ,187,4.92,1.73,88,91,38,158,108,1,1,1,1,24.09,24.85,24.81,25.69,24.26,24.64,1.23,1.74,1.19,4.16,2.84,15,87,68,0
c72012c8072e2441b3ba8173205cd298cde8a                           ,136,5.91,136,41,40,23,115,1,1,1,1,1,24.43,25.62,25.65,26.2,24.59,29.34,0.02,2.88,0.03,5,0.04,30,82,136,1
b6a3aa8c0f2302fa35d7b809d9371deeypvyh                           ,130,8.67,14.44,68,68,15,110,9,2,2,1,2,24.47,25.12,25.12,26.63,24.64,27.14,0.13,1.62,0.13,7.33,0.6,7,90,98,0
309f446bdb138faeb18072285ccd9901gz80c                           ,429,14.3,4.42,77,145,30,363,97,2,1,2,2,23.28,25,24.36,25.94,23.45,24.77,1.26,2.5,0.67,12.1,3.23,24,256,216,0
22e65b6bf73fab510ee814cbaeb9ebc1252mu                           ,13,4.33,2.6,7,9,3,11,5,1,1,1,1,26.01,26.63,26.38,27.47,26.17,26.96,0.71,1.22,0.56,3.67,1.67,3,11,9,0
5cdd665a22747394620c17b7753947b0xgzhw                           ,13,6.5,1.63,9,9,2,11,8,1,1,1,1,26.62,26.98,26.98,28.49,26.78,27.1,0.89,1.22,0.89,5.5,4,4,12,5,0
5e8bf58291656ddd5fd2f71825565446aiopv                           ,1105,15.79,1.25,58,311,70,935,886,2,2,2,2,22.34,25.28,23.6,25.09,22.5,22.56,15.28,3.01,2.85,13.36,12.66,185,284,139,0
65d8228c6c1e5b6042f397afed8a5c7cbo6x3                           ,33,2.75,1.14,26,23,12,28,29,1,1,1,1,25.81,26.04,26.17,26.82,25.97,25.94,1.12,1.22,1.26,2.33,2.42,4,9,3,0
de9f5df5962dc171c7d82ab503c36dbfwicon                           ,20,2.86,20,14,10,7,17,1,1,1,1,1,25.83,26.19,26.52,26.88,25.99,28.83,0.07,1.7,0.1,2.43,0.14,7,7,20,0
eacfdb47b3daccebd9f16779c5542fe5eytoc                           ,27,13.5,1.8,22,16,2,23,15,1,1,1,1,25.95,26.16,26.47,28.55,26.11,26.54,0.68,1.44,0.94,11.5,7.5,4,26,11,0
f4d69870de1e803fe00f8126e73a7e33zwcds                           ,61,15.25,4.36,18,27,4,52,14,1,1,1,1,25.2,26.42,26.02,27.93,25.36,26.68,0.78,1.93,0.52,13,3.5,29,57,43,0
ea5948061b2059bcbd900d3ae7e86e428ae8g                           ,62,4.13,1.55,41,45,15,53,40,2,1,1,1,23.58,23.99,23.9,25,23.74,24.02,0.98,1.18,0.89,3.53,2.67,8,39,11,0
d8ff621bc161b09d9192c445f4b3be7b8xow6                           ,7,3.5,3.5,7,3,2,6,2,1,1,1,1,27.12,27.12,27.97,28.38,27.28,28.38,0.29,2,0.67,3,1,3,6,6,0
77b7daafef906aa3f941992bcf94dd69zxk2p                           ,35,2.19,3.18,17,27,16,30,11,1,1,1,1,25.78,26.5,26.04,26.56,25.93,26.93,0.65,1.11,0.41,1.88,0.69,4,6,19,0
4cf9c56df4594860df56285e9293a7f7evfix                           ,49,7,2.13,27,32,7,42,23,1,1,1,1,25.35,25.94,25.77,27.29,25.5,26.1,0.85,1.31,0.72,6,3.29,8,40,13,0
c749a25f3a07304b959065d83bbfc5f75u1my                           ,14,2.33,2,11,12,6,12,7,1,1,1,1,26.63,26.87,26.79,27.48,26.79,27.33,0.64,1,0.58,2,1.17,2,5,5,0
f9753e9fd6e25e0a1ae176ab95c31146iaqnv                           ,7,7,1.75,4,5,1,6,4,1,1,1,1,27.07,27.63,27.4,29.01,27.22,27.63,1,1.2,0.8,6,4,3,7,4,0
ba194af5111cfcf1dd95eb36160c728ds4kcy                           ,7,3.5,1.75,6,6,2,6,4,1,1,1,1,27.29,27.44,27.44,28.54,27.44,27.85,0.67,1,0.67,3,2,2,6,3,0
b42ef139c2dfbff8356e8886d2b109e06riso                           ,7,3.5,1.4,5,6,2,6,5,1,1,1,1,27.25,27.58,27.4,28.5,27.4,27.58,1,1,0.83,3,2.5,2,6,3,0
fd5cef3fe1217c6591500c715d71717anczcq                           ,14,4.67,1.27,13,11,3,12,11,1,1,1,1,26.63,26.71,26.88,28.17,26.79,26.88,0.85,1.09,1,4,3.67,2,12,4,0
45c3a73b88760d4390f42ea4fae97d84la5wh                           ,7,1.4,1.17,7,6,5,6,6,1,1,1,1,27.19,27.19,27.34,27.52,27.34,27.34,0.86,1,1,1.2,1.2,2,2,2,0
98a5197faba8ba72d6ee9e1c95d65d737sigb                           ,99,99,1.03,5,25,1,85,96,1,1,1,1,24.68,27.67,26.06,29.28,24.83,24.71,19.2,3.4,3.84,85,96,14,99,2,0
219c6102f604c8ff0ead5d23375bb127del0d                           ,241,14.18,2.17,23,79,17,207,111,1,1,1,1,23.84,26.19,24.96,26.5,24,24.62,4.83,2.62,1.41,12.18,6.53,35,186,92,0
e134f2bb79d1a810aada6a24760c8910mh5na                           ,277,10.65,7.49,95,118,26,238,37,2,2,2,2,23.71,24.78,24.57,26.08,23.86,25.73,0.39,2.02,0.31,9.15,1.42,19,113,52,0
e9f928411213f44502e4942a29553ab1tbqgu                           ,57,5.7,1.97,10,36,10,49,29,1,1,1,1,25.24,26.98,25.7,26.98,25.39,25.91,2.9,1.36,0.81,4.9,2.9,4,32,17,0
91dcfc10da696a6d90966ff795751708er5fp                           ,114,4.56,1.18,38,57,25,98,97,1,1,1,1,24.57,25.67,25.27,26.09,24.73,24.74,2.55,1.72,1.7,3.92,3.88,10,31,10,0
db85fb5556f17b744938cdcc2e7ce9b5urspd                           ,36,12,1.8,7,15,3,31,20,1,1,1,1,25.73,27.37,26.6,28.21,25.88,26.32,2.86,2.07,1.33,10.33,6.67,9,32,17,1
a8561bec318a7d3a0082b35b086b4428wekph                           ,252,6.63,1.46,115,108,38,217,173,1,1,1,1,23.81,24.59,24.65,25.7,23.96,24.18,1.5,2.01,1.6,5.71,4.55,35,118,75,0
655b88e646b94d0adb9e15e9f3b9c9a4lvcrz                           ,205,4.66,1.27,23,99,44,177,162,1,1,1,1,24.01,26.2,24.74,25.55,24.16,24.25,7.04,1.79,1.64,4.02,3.68,33,62,38,0
bcda2135a2456d611876679b61dac500vs7sx                           ,22,22,11,9,8,1,19,2,1,1,1,1,26.11,27,27.12,29.2,26.26,28.51,0.22,2.38,0.25,19,2,10,22,20,0
83e8aa6cb15daa745c75ba3c29a2f646zjw33                           ,184,7.08,2.02,91,86,26,159,91,2,2,1,2,24.12,24.82,24.88,26.08,24.26,24.82,1,1.85,1.06,6.12,3.5,12,118,52,0
c6108e22518279361de99b3c7c298235mkoa9                           ,37,3.7,1.37,26,26,10,32,27,1,1,1,1,25.66,26.02,26.02,26.97,25.81,25.98,1.04,1.23,1.04,3.2,2.7,3,9,11,0
25022fb30734c2e5044e031b0e9a4a9ct3354                           ,30,15,7.5,19,17,2,26,4,1,1,1,1,25.85,26.3,26.41,28.55,25.99,27.86,0.21,1.53,0.24,13,2,5,26,25,0
2e33b1ee8a9d4a5cc5f886ca455e8f86kxu5r                           ,30,3.33,1.88,10,21,9,26,16,1,1,1,1,25.91,27.01,26.27,27.12,26.06,26.54,1.6,1.24,0.76,2.89,1.78,4,12,14,0
a6bf74b19fcb2687ce345930c4c16d4e2txda                           ,190,7.92,3.58,63,84,24,165,53,1,1,1,1,24.09,25.2,24.91,26.16,24.23,25.37,0.84,1.96,0.63,6.88,2.21,11,87,46,0
bc7722baf876d0735ddc885691eb687bgz365                           ,259,37,37,78,79,7,225,7,1,1,1,1,23.77,24.97,24.96,27.38,23.91,27.38,0.09,2.85,0.09,32.14,1,39,217,130,0
669c6a0e8aabbf0647e8ee6e150c47b18a4pu                           ,84,6,1.71,53,23,14,73,49,1,1,1,1,24.91,25.37,26.21,26.7,25.05,25.45,0.92,3.17,2.13,5.21,3.5,44,30,27,1
2515c5fd81638d5d0bca39a2b2be3995tante                           ,86,21.5,3.58,26,40,4,75,24,1,1,1,1,24.88,26.07,25.64,27.94,25.01,26.15,0.92,1.88,0.6,18.75,6,21,80,47,0
51d2e1b98b7a1e42b939637dc6e11381zu201                           ,87,3.95,43.5,3,52,22,76,2,1,1,1,1,24.86,28.22,25.37,26.23,24.99,28.63,0.67,1.46,0.04,3.45,0.09,11,29,86,0
2918b09c1ed9e9e8602f85175b266aeej5v6w                           ,40,20,13.33,17,6,2,35,3,1,1,1,1,25.63,26.48,27.53,28.62,25.76,28.22,0.18,5.83,0.5,17.5,1.5,17,38,27,0
9a12aa1aa3560062c6f84bd374eb5f7f422vq                           ,16,4,2.29,12,13,4,14,7,1,1,1,1,26.54,26.83,26.75,27.92,26.67,27.37,0.58,1.08,0.54,3.5,1.75,3,11,10,0
5c2e85ba72b9e9e16f77939fee7ffb5eivaqe                           ,8,2.67,2,6,7,3,7,4,1,1,1,1,27.2,27.49,27.34,28.18,27.34,27.89,0.67,1,0.57,2.33,1.33,2,4,3,0
9c223f867c65938ce8623fc41bec08485xddt                           ,8,4,1.33,7,5,2,7,6,1,1,1,1,27.23,27.37,27.7,28.62,27.37,27.52,0.86,1.4,1.2,3.5,3,3,6,3,0
6393f55c093e04e6e608e1ee8be9c3e28omjd                           ,8,4,1.14,7,7,2,7,7,1,1,1,1,26.98,27.11,27.11,28.37,27.11,27.11,1,1,1,3.5,3.5,2,5,2,0
f19531503f1485a3014189a80971c6fb0d9fu                           ,57,4.38,3.35,48,39,13,50,17,1,1,1,1,25.26,25.43,25.64,26.74,25.39,26.47,0.35,1.28,0.44,3.85,1.31,6,29,24,0
a6ec153fc7002cfd929b9f7199914cf75upgt                           ,993,16.28,1.22,97,218,61,873,811,2,2,2,2,22.44,24.77,23.96,25.23,22.57,22.64,8.36,4,3.72,14.31,13.3,204,206,64,1
86151544b29ad273209ec4605c257b089z588                           ,25,25,1.09,9,16,1,22,23,1,1,1,1,26.02,27.04,26.47,29.24,26.15,26.1,2.56,1.38,1.44,22,23,4,25,3,0
a2bb8b3e3ae4566203eb5b3021b4d594pohf7                           ,42,14,2.47,22,29,3,37,17,1,1,1,1,25.54,26.19,25.91,28.18,25.67,26.44,0.77,1.28,0.59,12.33,5.67,5,36,13,0
05a07a27e235d01fe480ea6ac73b8838jq28x                           ,59,11.8,2.81,36,34,5,52,21,1,1,1,1,25.24,25.73,25.79,27.71,25.36,26.27,0.58,1.53,0.62,10.4,4.2,5,53,16,0
354d4abc23881a40b8f119225e0dbd09tk1u3                           ,17,4.25,1.55,14,12,4,15,11,1,1,1,1,26.39,26.59,26.74,27.84,26.52,26.83,0.79,1.25,0.92,3.75,2.75,3,13,5,0
1395ca662a02245233af951cc7ad8313vk6w0                           ,26,2.89,26,18,20,9,23,1,1,1,1,1,26.04,26.41,26.3,27.1,26.16,29.3,0.06,1.15,0.05,2.56,0.11,3,13,26,0
caa74df2086d71caf6c1b2b9c81d3d98xhpv9                           ,35,7,3.5,15,29,5,31,10,1,1,1,1,25.72,26.57,25.91,27.67,25.85,26.98,0.67,1.07,0.34,6.2,2,4,23,14,0
bd6adbe79fcb843aeb97546947af1236kbg7p                           ,35,3.89,3.18,27,24,9,31,11,1,1,1,1,25.6,25.86,25.97,26.96,25.72,26.75,0.41,1.29,0.46,3.44,1.22,6,23,20,0
644e284380171fa793695a91b6a12c28jcwku                           ,35,8.75,1.94,13,16,4,31,18,1,1,1,1,25.72,26.71,26.5,27.89,25.84,26.38,1.38,1.94,1.13,7.75,4.5,9,29,15,0
d645e4b8b043a18bb1c8689572ad4fe16q3np                           ,9,9,2.25,7,5,1,8,4,1,1,1,1,26.54,26.79,27.13,28.74,26.66,27.35,0.57,1.6,0.8,8,4,4,9,6,0
0e5ec5baf2e15afdbf5212d8461e1ad9h3kr0                           ,18,2.57,2,15,14,7,16,9,1,1,1,1,26.35,26.53,26.6,27.29,26.47,27.04,0.6,1.14,0.64,2.29,1.29,4,5,9,0
7c08de9de285265b2c34970139331f9fnr9ad                           ,99,3.96,1.8,32,59,25,88,55,1,1,1,1,24.74,25.87,25.26,26.12,24.86,25.33,1.72,1.49,0.93,3.52,2.2,5,52,35,0
49c3957287d24e69713e4355933b74baoijix                           ,9,9,1.5,7,7,1,8,6,1,1,1,1,27,27.25,27.25,29.19,27.11,27.4,0.86,1.14,0.86,8,6,3,9,4,0
0f8cb1baa83fefac10f885f79149bf13kn4nw                           ,875,19.44,39.77,235,241,45,778,22,3,3,3,2,22.56,23.88,23.85,25.53,22.68,26.25,0.09,3.23,0.09,17.29,0.49,107,135,782,0
0825d381aa09d1d0c47c77c372f07acbe02ky                           ,66,4.4,6,38,41,15,59,11,1,1,1,1,25.12,25.67,25.6,26.6,25.23,26.91,0.29,1.44,0.27,3.93,0.73,10,28,37,0
11e47dc08d7fa4d1a1953b5868892f72qvlho                           ,10,1.67,5,6,1,6,9,2,1,1,1,1,24.33,24.84,26.63,24.84,24.43,25.94,0.33,9,2,1.5,0.33,10,3,8,0
a96039c7cfb1d040ca978ec5e66ee2c0sb5ht                           ,10,1.67,5,9,7,6,9,2,1,1,1,1,26.85,26.96,27.21,27.36,26.96,28.46,0.22,1.29,0.29,1.5,0.33,2,3,9,0
1ccc69e376c95da9bd569a5d1a176874ivojs                           ,10,5,2.5,7,5,2,9,4,1,1,1,1,26.94,27.3,27.63,28.55,27.05,27.86,0.57,1.8,0.8,4.5,2,5,9,7,0
01255c2c7c5578c186873422fc00fd7afwk8k                           ,31,6.2,2.38,8,19,5,28,13,1,1,1,1,25.86,27.21,26.35,27.68,25.96,26.73,1.63,1.47,0.68,5.6,2.6,5,22,13,0
9211adb9cc770c78a70b55441acd146bfxnz2                           ,31,3.44,2.38,14,22,9,28,13,1,1,1,1,25.88,26.67,26.22,27.11,25.98,26.75,0.93,1.27,0.59,3.11,1.44,5,14,10,0
167b4f37a264b72feb0f559b650d1cbd3ox60                           ,52,7.43,2,27,34,7,47,26,1,1,1,1,25.36,26.01,25.78,27.36,25.46,26.05,0.96,1.38,0.76,6.71,3.71,11,33,26,0
464506515f2ae684bd510b3a50b9121ec7v3a                           ,116,12.89,2.58,54,61,9,105,45,1,1,1,1,24.57,25.33,25.21,27.12,24.67,25.51,0.83,1.72,0.74,11.67,5,10,102,32,0
6c3bdc508c20f2f3871766cd73064c8cib3xh                           ,23,3.83,3.29,16,13,6,21,7,1,1,1,1,26.11,26.47,26.68,27.46,26.2,27.3,0.44,1.62,0.54,3.5,1.17,8,10,13,0
d65c538ae39fc1a7e0677583bba5fdc6ax1et                           ,202,10.63,1.37,27,97,19,185,147,2,2,2,2,23.65,25.66,24.38,26.01,23.74,23.97,5.44,1.91,1.52,9.74,7.74,12,153,29,0
91a3c57b13234af24875c56fb7e2b2f4rb56a                           ,12,3,12,9,6,4,11,1,1,1,1,1,26.81,27.1,27.5,27.91,26.89,29.29,0.11,1.83,0.17,2.75,0.25,5,8,12,0
2b72d702b44fd7dd58062e326fd8e4779j8mp                           ,12,2,4,11,10,6,11,3,1,1,1,1,26.75,26.84,26.93,27.45,26.84,28.14,0.27,1.1,0.3,1.83,0.5,2,6,8,0
340bc29eeeb9b9d04eb1fb72a1a9a2444brgk                           ,24,3,3,5,18,8,22,8,1,1,1,1,26.1,27.66,26.38,27.19,26.18,27.19,1.6,1.22,0.44,2.75,1,5,14,12,0
2993e59bbbd7d14bf4bc21e4d2a4f8eeb18d2                           ,12,2.4,2.4,6,9,5,11,5,1,1,1,1,26.74,27.43,27.03,27.62,26.83,27.62,0.83,1.22,0.56,2.2,1,3,6,8,0
04c6b750b0552089c87ae03de72289cfcpfmh                           ,12,1.71,2,10,10,7,11,6,1,1,1,1,26.72,26.9,26.9,27.26,26.81,27.41,0.6,1.1,0.6,1.57,0.86,2,3,6,0
bbd1d48ef4e8e7e3855938755275ad2b2le9g                           ,36,4.5,1.64,14,26,8,33,22,1,1,1,1,25.73,26.67,26.06,27.23,25.82,26.22,1.57,1.27,0.85,4.13,2.75,7,25,11,0
bb73823b1c3f577402c9aa9eabd1e412vp2xw                           ,545,16.03,1.84,79,99,34,500,296,2,1,1,2,23.04,24.97,24.75,25.81,23.13,23.65,3.75,5.05,2.99,14.71,8.71,274,299,74,0
8126928a319468b6da5edce4097d2398xwita                           ,86,7.82,21.5,3,46,11,79,4,1,1,1,1,24.39,27.74,25.01,26.44,24.47,27.45,1.33,1.72,0.09,7.18,0.36,10,67,52,0
4d1542974bc322859d3d099b8c5193felot1k                           ,124,17.71,20.67,30,31,7,114,6,1,1,1,1,24.5,25.92,25.88,27.37,24.58,27.53,0.2,3.68,0.19,16.29,0.86,72,69,119,0
e8b82b8640ecdd154eebe6b36ec63f0bdwhc4                           ,75,18.75,12.5,16,29,4,69,6,1,1,1,1,24.97,26.52,25.92,27.9,25.05,27.5,0.38,2.38,0.21,17.25,1.5,20,69,45,0
e67abc3ba39537cc640678297a7c5bfag490k                           ,75,9.38,4.69,42,47,8,69,16,1,1,1,1,25.01,25.59,25.48,27.25,25.09,26.55,0.38,1.47,0.34,8.63,2,9,65,40,0
fdd6944b3c3caaa7d1234ecfc11f8d080h90x                           ,13,4.33,4.33,9,9,3,12,3,1,1,1,1,26.45,26.82,26.82,27.92,26.53,27.92,0.33,1.33,0.33,4,1,3,11,6,0
24a9abf72cedcb421e831c1be26607e37zojy                           ,13,6.5,2.6,8,11,2,12,5,1,1,1,1,26.7,27.19,26.87,28.58,26.78,27.66,0.63,1.09,0.45,6,2.5,2,12,4,0
6aeab198df208f8628825f7eb3ec3701p2ybk                           ,78,4.11,1.77,37,52,19,72,44,1,1,1,1,24.97,25.72,25.38,26.39,25.05,25.55,1.19,1.38,0.85,3.79,2.32,5,18,11,0
87c5fcd8d9582701469f94bff3cc415dvq4ia                           ,13,3.25,1.18,11,11,4,12,11,1,1,1,1,26.47,26.64,26.64,27.65,26.55,26.64,1,1.09,1,3,2.75,2,6,3,0
462df7ecf1d47980dea6a93d44fb408d4u2d5                           ,40,2.5,6.67,13,31,16,37,6,1,1,1,1,25.62,26.75,25.88,26.54,25.7,27.52,0.46,1.19,0.19,2.31,0.38,4,7,28,0
72dd0e4788d25f62cc2ba942bb9499dc7quqj                           ,27,5.4,3,17,17,5,25,9,1,1,1,1,25.98,26.44,26.44,27.66,26.05,27.07,0.53,1.47,0.53,5,1.8,9,22,12,0
88ae7a35e374a6fddd079ebb28c822eeohwse                           ,28,9.33,28,10,2,3,26,1,1,1,1,1,25.95,26.98,28.59,28.19,26.03,29.28,0.1,13,0.5,8.67,0.33,27,16,28,0
438e53670ffa2990cdef656700bb49bf684fz                           ,14,7,1,12,10,2,13,14,1,1,1,1,26.65,26.8,26.99,28.6,26.72,26.65,1.17,1.3,1.4,6.5,7,2,13,1,0
c8b23d6565e11d874e221f41440ffd25mrucd                           ,72,8,1.85,21,33,9,67,39,1,1,1,1,25.05,26.28,25.83,27.13,25.12,25.66,1.86,2.03,1.18,7.44,4.33,18,64,21,0
60b8145bcfed7a5f2a23b596a8aff99cdzn4m                           ,44,11,2.32,6,23,4,41,19,1,1,1,1,25.52,27.51,26.16,27.91,25.59,26.36,3.17,1.78,0.83,10.25,4.75,11,39,24,0
16065749457a14b26998fefca503c3ecf9og8                           ,15,2.5,15,2,12,6,14,1,1,1,1,1,26.47,28.48,26.69,27.39,26.54,29.18,0.5,1.17,0.08,2.33,0.17,2,6,15,0
4c2699de8bc9516b09c5e5c8bae6d6c6xiry9                           ,15,1.67,2.14,12,13,9,14,7,1,1,1,1,26.57,26.79,26.71,27.08,26.63,27.33,0.58,1.08,0.54,1.56,0.78,2,7,7,0
37bb1697e1c3922a06c2d2ea4138a4c8s6wgk                           ,519,173,1.02,16,2,3,485,511,2,2,1,2,20.4,23.88,25.96,25.56,20.47,20.42,31.94,242.5,255.5,161.67,170.33,517,306,5,1
6d033ec559ea79a8ffb90d80e0b24e93j82av                           ,107,5.63,5.94,27,74,19,100,18,1,1,1,1,24.66,26.04,25.03,26.39,24.73,26.44,0.67,1.35,0.24,5.26,0.95,8,71,45,0
1bb7a8c04e70386f5496322158e9fc3ef6d84                           ,31,6.2,1.55,22,16,5,29,20,1,1,1,1,25.76,26.11,26.43,27.59,25.83,26.2,0.91,1.81,1.25,5.8,4,13,25,4,0
e24542c1bd46a4a0f98b0fa95d8fc40brecdx                           ,871,54.44,87.1,135,86,16,815,10,2,2,1,2,22.57,24.43,24.88,26.57,22.63,27.04,0.07,9.48,0.12,50.94,0.63,492,816,806,1
47d1dbfb67706772f8a44f50e5656602z04rc                           ,16,1.45,16,5,11,11,15,1,1,1,1,1,26.42,27.58,26.79,26.79,26.48,29.19,0.2,1.36,0.09,1.36,0.09,6,5,16,0
d3c80e9f6b8e1d774679fd8dd5aae611e3qls                           ,16,1.78,1.14,14,14,9,15,14,1,1,1,1,26.46,26.6,26.6,27.04,26.53,26.6,1,1.07,1,1.67,1.56,2,6,3,0
9f52fd88ba073512be19e3d24d4bb6f91l531                           ,50,4.17,2,9,37,12,47,25,1,1,1,1,25.36,27.08,25.67,26.79,25.43,26.06,2.78,1.27,0.68,3.92,2.08,3,27,16,0
4199816cef8be846ca71ae752575744fimyto                           ,118,118,23.6,6,1,1,111,5,3,2,1,3,19.19,22.17,23.96,23.96,19.25,22.35,0.83,111,5,111,5,118,118,30,0
313ede314e2e05c31471fd6a93f98af713jud                           ,17,1.42,1.7,3,16,12,16,10,1,1,1,1,26.37,28.11,26.43,26.72,26.43,26.9,3.33,1,0.63,1.33,0.83,2,3,5,0
96f31c5b3baa8704096cc8d4301b4c96i6fyp                           ,34,3.4,1.31,24,25,10,32,26,1,1,1,1,25.78,26.13,26.09,27.01,25.84,26.05,1.08,1.28,1.04,3.2,2.6,5,8,4,0
d36857d18a397e7e24d05dcbef3b919ftjstv                           ,17,5.67,1.21,8,10,3,16,14,1,1,1,1,26.46,27.21,26.99,28.2,26.52,26.65,1.75,1.6,1.4,5.33,4.67,5,9,3,0
0fa357965f89388d8e7eb8cbc3b85c6bnnro4                           ,35,7,7,19,22,5,33,5,1,1,1,1,25.64,26.25,26.1,27.58,25.69,27.58,0.26,1.5,0.23,6.6,1,8,27,13,0
7ce12bb499c156ba4513becaa42aa8c143v75                           ,35,35,1.03,8,18,1,33,34,1,1,1,1,25.76,27.23,26.42,29.31,25.82,25.79,4.25,1.83,1.89,33,34,8,35,2,0
9685887173cc2e1e5ee3993832a4b153bfl9m                           ,36,2.77,3,10,25,13,34,12,1,1,1,1,25.67,26.95,26.03,26.69,25.72,26.77,1.2,1.36,0.48,2.62,0.92,8,20,18,0
3ded667003605eb856ed1aa2b82c1732gtma1                           ,38,19,6.33,22,16,2,36,6,1,1,1,1,25.7,26.25,26.57,28.65,25.76,27.55,0.27,2.25,0.38,18,3,16,37,26,0
e0a9e4ffe2acd28599dacb91c98c34bc66vo3                           ,20,3.33,2.5,15,14,6,19,8,1,1,1,1,26.31,26.6,26.67,27.52,26.36,27.23,0.53,1.36,0.57,3.17,1.33,4,13,7,0
44bc1c87245aac66d176620f6ac9611ddbcil                           ,20,10,1.18,17,17,2,19,17,1,1,1,1,26.26,26.42,26.42,28.56,26.31,26.42,1,1.12,1,9.5,8.5,2,14,3,0
481db1a88023d22b3533044bff5239dbf3cda                           ,21,2.63,7,5,17,8,20,3,1,1,1,1,26.19,27.63,26.4,27.16,26.24,28.14,0.6,1.18,0.18,2.5,0.38,3,11,14,0
12fefd74d82d90541872847f199f6324cowi5                           ,21,2.63,1.91,17,15,8,20,11,1,1,1,1,26.29,26.5,26.63,27.26,26.34,26.94,0.65,1.33,0.73,2.5,1.38,3,11,9,0
ea57e35acda9a8f8b75f4d9bc049f74d7qx3t                           ,65,5.91,1.48,39,37,11,62,44,1,1,1,1,25.16,25.67,25.72,26.94,25.21,25.55,1.13,1.68,1.19,5.64,4,7,50,12,0
9dd7e7ef94a7bc5bc9f98c42099910e7o76qh                           ,22,2,1.16,12,18,11,21,19,1,1,1,1,26.21,26.81,26.41,26.9,26.25,26.35,1.58,1.17,1.06,1.91,1.73,2,7,4,0
0547dbd3ecb4a293913f138d60b586fdf4ane                           ,164,5.86,82,24,2,28,157,2,1,1,1,1,24.24,26.16,28.65,26.01,24.29,28.65,0.08,78.5,1,5.61,0.07,110,45,163,0
916aedb8fd708e100318969dfe57a4639hexd                           ,24,3,2.67,11,20,8,23,9,1,1,1,1,26.12,26.9,26.3,27.22,26.16,27.1,0.82,1.15,0.45,2.88,1.13,2,12,8,0
2c449b1bbbd5f8d9bcc1159b7bd3caa32jhtp                           ,24,2.18,1.33,19,14,11,23,18,1,1,1,1,26.07,26.31,26.61,26.85,26.12,26.36,0.95,1.64,1.29,2.09,1.64,8,8,6,0
9b51afa3c3a736bdf93bd1f2a7b0a0903c34w                           ,49,5.44,3.06,13,34,9,47,16,1,1,1,1,25.43,26.75,25.79,27.12,25.47,26.55,1.23,1.38,0.47,5.22,1.78,7,38,20,0
916d2d806b772c9f227a9b3640e31469ljrxo                           ,1997,499.25,665.67,2,159,4,1917,3,4,1,2,2,21.72,28.63,24.25,27.93,21.76,28.22,1.5,12.06,0.02,479.25,0.75,441,1992,1971,0
a679d00c30c269a8eca148458abb8665kciaf                           ,25,2.27,25,13,9,11,24,1,1,1,1,1,26.07,26.73,27.1,26.89,26.11,29.29,0.08,2.67,0.11,2.18,0.09,7,7,25,0
9ebd57da79b9286fd67a53e61528cf63a1w6c                           ,25,4.17,5,10,7,6,24,5,1,1,1,1,26.05,26.97,27.33,27.48,26.09,27.66,0.5,3.43,0.71,4,0.83,17,20,14,0
5aae3111e4fab04fa5067c740329a38d11361                           ,28,2.15,1.65,21,21,13,27,17,1,1,1,1,25.95,26.24,26.24,26.72,25.99,26.45,0.81,1.29,0.81,2.08,1.31,6,11,9,0
40f2eaf03624a31952397644f1b79a6fvtfjf                           ,69,4.06,69,33,1,17,68,1,1,1,1,1,25.07,25.81,29.31,26.47,25.09,29.31,0.03,68,1,4,0.06,69,15,69,0
39a5a16e5a67c2fb51789cea4d3091f0mv996                           ,387,29.77,2.2,135,231,13,384,176,1,1,1,1,23.38,24.44,23.9,26.78,23.39,24.17,1.3,1.66,0.76,29.54,13.54,7,62,6,0
29e08b4d18198fe9265772fba3a4f6c4mj1rw                           ,519,47.18,74.14,125,291,11,516,7,1,1,1,1,23.09,24.51,23.67,26.94,23.1,27.4,0.06,1.77,0.02,46.91,0.64,10,86,83,0
3d9910a238a0f282ad3132dd6fc981c8tv3tg                           ,417,417,417,34,111,1,415,1,4,4,1,1,21.57,24.08,22.9,27.61,21.58,27.61,0.03,3.74,0.01,415,1,16,417,417,1
fa9cfea85e90bec313e512e9eeab2e869tvx8                           ,230,230,46,6,1,1,229,5,2,2,1,2,18.54,22.19,23.98,23.98,18.55,22.37,0.83,229,5,229,5,230,230,51,0
c6a49cf5944626b45425712f9e19e91d2nyh7                           ,289,289,1.01,24,2,1,288,287,2,2,1,2,20.29,22.78,25.27,25.96,20.3,20.3,11.96,144,143.5,288,287,184,289,2,1
18bc9dbbed75b55f35ec4be1351b7aa86an68                           ,383,29.46,7.66,133,246,13,382,50,1,1,1,1,23.39,24.45,23.84,26.78,23.4,25.43,0.38,1.55,0.2,29.38,3.85,7,63,14,0
8783939eb63e5eb4e5cd412d8480f3955ipxu                           ,518,34.53,2.66,155,290,15,517,195,1,1,1,1,23.09,24.3,23.67,26.63,23.09,24.07,1.26,1.78,0.67,34.47,13,13,89,8,0
88bf2c0f5460e28deb5eca2ef8e5e809ol5ru                           ,19,19,19,1,2,1,19,1,1,1,1,1,26.35,29.29,28.6,29.29,26.35,29.29,1,9.5,0.5,19,1,16,19,19,0
213a7fb31eef8b38a23ad6b0bf2c7fd0dx3vk                           ,14,2.8,14,14,13,5,14,1,1,1,1,1,26.59,26.59,26.66,27.62,26.59,29.23,0.07,1.08,0.08,2.8,0.2,2,10,14,0
ecce760edfc6ec5cd5ddc7037c514dc3zod4i                           ,9,1.8,9,5,3,5,9,1,1,1,1,1,26.69,27.28,27.79,27.28,26.69,28.89,0.2,3,0.33,1.8,0.2,5,4,9,0
19815d9bcdc74c3ddfb9ff210c1739f3tup3i                           ,9,3,9,6,7,3,9,1,1,1,1,1,26.97,27.37,27.22,28.07,26.97,29.16,0.17,1.29,0.14,3,0.33,2,6,9,0
2a73f10b3b8f2b825e220ba0a1d2c49f9nikz                           ,8,2,8,7,1,4,8,1,1,1,1,1,27.06,27.19,29.13,27.75,27.06,29.13,0.14,8,1,2,0.25,8,5,8,0
8066d0a6ab30c52b3ddca5da19518b6188t23                           ,8,4,8,2,2,2,8,1,1,1,1,1,27.12,28.51,28.51,28.51,27.12,29.2,0.5,4,0.5,4,0.5,5,7,8,0
72dbc4a9f579a9444c126a0a67118783092ec                           ,8,2,8,6,7,4,8,1,1,1,1,1,27.1,27.38,27.23,27.79,27.1,29.17,0.17,1.14,0.14,2,0.25,2,5,8,0
87aa94042390f9267d3b7d90e42b022ek5mbu                           ,6,1.2,6,4,1,5,6,1,1,1,1,1,24.85,25.25,26.64,25.03,24.85,26.64,0.25,6,1,1.2,0.2,6,2,6,0
b2968116361fd43589bde8eca72c5767o71qc                           ,6,1.2,6,5,1,5,6,1,1,1,1,1,24.86,25.04,26.65,25.04,24.86,26.65,0.2,6,1,1.2,0.2,6,2,6,0
43553dd8b9370fbba5efa6b652d9b43ezsj11                           ,6,1.5,6,4,3,4,6,1,1,1,1,1,27.47,27.88,28.17,27.88,27.47,29.26,0.25,2,0.33,1.5,0.25,3,2,6,0
c41f5fb84d9f9e2456a5264c79919569vrhau                           ,6,1.5,6,5,5,4,6,1,1,1,1,1,27.33,27.51,27.51,27.73,27.33,29.12,0.2,1.2,0.2,1.5,0.25,2,3,6,0
3c77ec9f79f6febf630325ef84f2a0bcl3qg1                           ,18,4.5,6,15,17,4,18,3,1,1,1,1,26.39,26.57,26.45,27.89,26.39,28.18,0.2,1.06,0.18,4.5,0.75,2,13,11,0
9393cc68d0357d7b200a94fdf93ee3cf7xg5l                           ,11,5.5,5.5,10,9,2,11,2,1,1,1,1,26.78,26.87,26.98,28.48,26.78,28.48,0.2,1.22,0.22,5.5,1,3,10,7,0
5e945cce4e72950e0930b2700e77fc8eq2abo                           ,5,1.67,5,5,3,3,5,1,1,1,1,1,27.59,27.59,28.11,28.11,27.59,29.2,0.2,1.67,0.33,1.67,0.33,3,3,5,0
77b342f0d8769898619a935e267eaad25rubb                           ,5,1.67,5,5,4,3,5,1,1,1,1,1,27.53,27.53,27.76,28.04,27.53,29.14,0.2,1.25,0.25,1.67,0.33,2,2,5,0
89c8eefbf6f83543ce0792d1e4b86057ti16q                           ,5,1,5,5,5,5,5,1,1,1,1,1,27.64,27.64,27.64,27.64,27.64,29.25,0.2,1,0.2,1,0.2,1,1,5,0
5097b3a4011380b5d9447e1a7a20b1a556yzj                           ,4,1.33,4,4,1,3,4,1,1,1,1,1,25.01,25.01,26.4,25.3,25.01,26.4,0.25,4,1,1.33,0.33,4,2,4,0
75613637a85df9328b743d33b0efbf1586qow                           ,8,8,4,2,4,1,8,2,1,1,1,1,26.87,28.26,27.56,28.95,26.87,28.26,1,2,0.5,8,2,5,8,7,0
f219cbb3d454b32953619d5a4551f56dcg7gy                           ,4,4,4,4,2,1,4,1,1,1,1,1,25.53,25.53,26.22,26.91,25.53,26.91,0.25,2,0.5,4,1,3,4,4,0
fb92fc925c5df50f4da7874a7542cf2210z1f                           ,4,2,4,4,2,2,4,1,1,1,1,1,27.01,27.01,27.7,27.7,27.01,28.39,0.25,2,0.5,2,0.5,3,3,4,0
0a9c5e1f261c937c09817ea2d5e949f34v8oe                           ,4,2,4,2,2,2,4,1,1,1,1,1,26.36,27.05,27.05,27.05,26.36,27.74,0.5,2,0.5,2,0.5,3,2,4,0
497ef6187e03fd9d4387ac436461a40f982dq                           ,4,2,4,2,2,2,4,1,1,1,1,1,27.08,27.77,27.77,27.77,27.08,28.46,0.5,2,0.5,2,0.5,3,3,4,0
3c0026d48f3d6e10cef6cdb1f708793ccwkhr                           ,4,2,4,4,3,2,4,1,1,1,1,1,25.92,25.92,26.2,26.61,25.92,27.3,0.25,1.33,0.33,2,0.5,2,2,4,0
30c3c92cc9408f55cfa895ff8a505930a3yy1                           ,4,2,4,2,3,2,4,1,1,1,1,1,25.87,26.56,26.16,26.56,25.87,27.25,0.5,1.33,0.33,2,0.5,2,3,4,0
758bd601d6700494300ec1647682eb34vq1zp                           ,8,4,4,7,7,2,8,2,1,1,1,1,27.19,27.33,27.33,28.58,27.19,28.58,0.29,1.14,0.29,4,1,2,7,5,0
90eb8151eb82441b084d04893151619837abp                           ,4,4,4,1,4,1,4,1,1,1,1,1,26.63,28.02,26.63,28.02,26.63,28.02,1,1,0.25,4,1,1,4,4,0
497b8beb19a7f674bc53acf7f5c7ec8cxv68x                           ,4,1.33,4,4,4,3,4,1,1,1,1,1,27.87,27.87,27.87,28.15,27.87,29.25,0.25,1,0.25,1.33,0.33,1,2,4,0
429b876aa7e2d6741ddf322685363ccchue2v                           ,7,3.5,3.5,7,4,2,7,2,1,1,1,1,26.51,26.51,27.07,27.76,26.51,27.76,0.29,1.75,0.5,3.5,1,4,6,6,0
0c55920fb607fef2d33324f33565758a6e4dj                           ,22,2.75,3.14,11,20,8,22,7,1,1,1,1,26.19,26.89,26.29,27.2,26.19,27.34,0.64,1.1,0.35,2.75,0.88,2,13,8,0
dd76fa7a75bd0e1921f71d255a8e0853l4lbi                           ,3,3,3,1,1,1,3,1,1,1,1,1,26.78,27.88,27.88,27.88,26.78,27.88,1,3,1,3,1,3,3,3,0
86a34cdbb975c141eea1854b10dbf1c8seom3                           ,3,3,3,1,1,1,3,1,1,1,1,1,24.95,26.05,26.05,26.05,24.95,26.05,1,3,1,3,1,3,3,3,0
461b089147eb78c582ca8a30fa7581a7mflo5                           ,3,3,3,1,2,1,3,1,1,1,1,1,27.76,28.86,28.16,28.86,27.76,28.86,1,1.5,0.5,3,1,2,3,3,0
d43189c6eef7a763b2f8596228807dd89x9y9                           ,3,1.5,3,3,2,2,3,1,1,1,1,1,27.37,27.37,27.78,27.78,27.37,28.47,0.33,1.5,0.5,1.5,0.5,2,2,3,0
0853bead89b03dd38a04d84f4312da7dukglz                           ,3,1.5,3,3,2,2,3,1,1,1,1,1,28.06,28.06,28.46,28.46,28.06,29.15,0.33,1.5,0.5,1.5,0.5,2,2,3,0
f4189a40cc622eaef015a19d75d9fe21mylhz                           ,3,3,3,3,3,1,3,1,1,1,1,1,28.08,28.08,28.08,29.18,28.08,29.18,0.33,1,0.33,3,1,1,3,3,0
fcda141af3b545332fc3b2d55a8bba74uw7s0                           ,12,1.71,3,12,12,7,12,4,1,1,1,1,26.77,26.77,26.77,27.31,26.77,27.87,0.33,1,0.33,1.71,0.57,1,4,9,0
024cf43497fd7381df6254888670f84bwbbam                           ,3,1.5,3,2,3,2,3,1,1,1,1,1,25.62,26.03,25.62,26.03,25.62,26.72,0.5,1,0.33,1.5,0.5,1,2,3,0
050a3b29ca1818e1f237df8132bc2013bcuxi                           ,11,1.83,2.75,9,8,6,11,4,1,1,1,1,26.91,27.11,27.23,27.51,26.91,27.92,0.44,1.38,0.5,1.83,0.67,4,4,6,0
9e72fb21f7581cfff84e833d02538e5ar35kr                           ,5,5,2.5,2,4,1,5,2,1,1,1,1,26.12,27.04,26.35,27.73,26.12,27.04,1,1.25,0.5,5,2,2,5,4,0
c5babbaace35399cf51a9356bbc22733xpi5h                           ,5,2.5,2.5,5,4,2,5,2,1,1,1,1,27.17,27.17,27.4,28.09,27.17,28.09,0.4,1.25,0.5,2.5,1,2,4,3,0
48044b1b1f47f168864bc7c4a58a65ecmt187                           ,10,3.33,2.5,9,10,3,10,4,1,1,1,1,26.79,26.9,26.79,28,26.79,27.71,0.44,1,0.4,3.33,1.33,1,8,6,0
97db2350652f8d01237fc4c59a470eb81h9gs                           ,5,1.67,2.5,2,5,3,5,2,1,1,1,1,26.99,27.9,26.99,27.5,26.99,27.9,1,1,0.4,1.67,0.67,1,3,4,0
c5120d10a23eb0c10d56a19fecbf9da85t4ow                           ,5,1.67,2.5,5,5,3,5,2,1,1,1,1,27.49,27.49,27.49,28,27.49,28.4,0.4,1,0.4,1.67,0.67,1,3,4,0
28c0d4c81a22958352aa742f7d74e477qwo51                           ,11,3.67,2.2,10,9,3,11,5,1,1,1,1,26.67,26.77,26.87,27.97,26.67,27.46,0.5,1.22,0.56,3.67,1.67,2,9,7,0
3835e3bbf9a17a33867860a9ba19621dp4wdc                           ,10,5,2,6,5,2,10,5,1,1,1,1,26.9,27.41,27.59,28.51,26.9,27.59,0.83,2,1,5,2.5,4,7,6,0
f3d3c913b225bc6cdb98c60f0936f7cbj8k3a                           ,2,2,2,2,1,1,2,1,1,1,1,1,21.74,21.74,22.43,22.43,21.74,22.43,0.5,2,1,2,1,2,2,2,0
bfc7a0819397d910db7c24eaba1ed4c68dwiq                           ,2,2,2,2,1,1,2,1,1,1,1,1,26.56,26.56,27.25,27.25,26.56,27.25,0.5,2,1,2,1,2,2,2,0
bf8de839c1a8b7994d19049667548e4ewchpm                           ,2,2,2,1,1,1,2,1,1,1,1,1,27.84,28.54,28.54,28.54,27.84,28.54,1,2,1,2,1,2,2,2,0
df12e679581fb2054907dae75c9c78ee9kzzv                           ,2,2,2,2,1,1,2,1,1,1,1,1,27.88,27.88,28.57,28.57,27.88,28.57,0.5,2,1,2,1,2,2,2,0
7f3516b1bd7e5571ab964ba0affe9302brn6q                           ,2,2,2,2,1,1,2,1,1,1,1,1,27.82,27.82,28.51,28.51,27.82,28.51,0.5,2,1,2,1,2,2,2,0
9f9dd5c179d357b53f145ae1e5cc941f5qfuy                           ,2,1,2,2,1,2,2,1,1,1,1,1,27.7,27.7,28.4,27.7,27.7,28.4,0.5,2,1,1,0.5,2,1,2,0
5bbc8f66464ec2d962b0360d1d74bf67imj47                           ,2,1,2,2,1,2,2,1,1,1,1,1,27.2,27.2,27.89,27.2,27.2,27.89,0.5,2,1,1,0.5,2,1,2,0
17e4d6d9a1f8ec00cec1d4fe79b059bd51476                           ,2,1,2,2,1,2,2,1,1,1,1,1,23.81,23.81,24.51,23.81,23.81,24.51,0.5,2,1,1,0.5,2,1,2,0
6ab75792932fb1ea6fc74a18edb7888c2orvk                           ,8,8,2,2,6,1,8,4,1,1,1,1,26.31,27.69,26.6,28.39,26.31,27,2,1.33,0.67,8,4,3,8,3,0
bd8bd6cae40abb19b81b6b6a7775f63e5tk1s                           ,4,4,2,4,3,1,4,2,1,1,1,1,27.69,27.69,27.98,29.08,27.69,28.39,0.5,1.33,0.67,4,2,2,4,3,0
361397432ed35185b5a2789867a859ec42v14                           ,8,2,2,6,7,4,8,4,1,1,1,1,27.18,27.47,27.32,27.88,27.18,27.88,0.67,1.14,0.57,2,1,2,4,4,0
b2a19e17e1b9e0bca8e4563efbff5fed7v9xe                           ,14,4.67,2,2,14,3,14,7,1,1,1,1,26.45,28.39,26.45,27.99,26.45,27.14,3.5,1,0.5,4.67,2.33,1,12,4,0
c616385a2762ecfd8e4ea16d8a1f2596qw07a                           ,2,2,2,2,2,1,2,1,1,1,1,1,21.57,21.57,21.57,22.27,21.57,22.27,0.5,1,0.5,2,1,1,2,2,0
8a7710ee3c886df8ca78c88120603cf6taql6                           ,2,2,2,2,2,1,2,1,1,1,1,1,28.21,28.21,28.21,28.9,28.21,28.9,0.5,1,0.5,2,1,1,2,2,0
898419c2d011d5a822e9ee07c387098ezpc12                           ,2,2,2,1,2,1,2,1,1,1,1,1,27.14,27.83,27.14,27.83,27.14,27.83,1,1,0.5,2,1,1,2,2,0
058a4e0ac0a20f504cc9c6aae2a896e6too9v                           ,2,2,2,1,2,1,2,1,1,1,1,1,27.4,28.1,27.4,28.1,27.4,28.1,1,1,0.5,2,1,1,2,2,0
1717f6d4c48ae8d3e5f2566d4bb525f854j6d                           ,2,2,2,2,2,1,2,1,1,1,1,1,25.28,25.28,25.28,25.97,25.28,25.97,0.5,1,0.5,2,1,1,2,2,0
9f7e3e648ea8e6815c6e7caf59412e843iqbz                           ,2,2,2,2,2,1,2,1,1,1,1,1,27.54,27.54,27.54,28.23,27.54,28.23,0.5,1,0.5,2,1,1,2,2,0
74cf3a0c5e4f080415888bad2f7119499lh63                           ,2,2,2,2,2,1,2,1,1,1,1,1,27.41,27.41,27.41,28.1,27.41,28.1,0.5,1,0.5,2,1,1,2,2,0
e959a3ae64e28a7d3b37934c0d826867o3sp6                           ,2,1,2,2,2,2,2,1,1,1,1,1,27.63,27.63,27.63,27.63,27.63,28.32,0.5,1,0.5,1,0.5,1,1,2,0
24108e769a15b155bd2d63c58368ae5946zhs                           ,2,1,2,2,2,2,2,1,1,1,1,1,27.72,27.72,27.72,27.72,27.72,28.42,0.5,1,0.5,1,0.5,1,1,2,0
420e7aebb49d7ab3c04e109a98e152d7kquiz                           ,4,1,2,4,4,4,4,2,1,1,1,1,27.82,27.82,27.82,27.82,27.82,28.51,0.5,1,0.5,1,0.5,1,1,3,0
d878560888b11447e73324a6e263fbd5iydo1                           ,2,1,2,2,2,2,2,1,1,1,1,1,28.48,28.48,28.48,28.48,28.48,29.17,0.5,1,0.5,1,0.5,1,1,2,0
f46cfa9acdb6a4c419c70c19be4ff9523uixs                           ,36,3.6,1.89,21,33,10,36,19,1,1,1,1,25.67,26.21,25.76,26.96,25.67,26.31,0.9,1.09,0.58,3.6,1.9,2,10,5,0
37ca0d0ded383d709676a4f9729ef39cpjfh4                           ,9,1.8,1.8,8,8,5,9,5,1,1,1,1,27.08,27.2,27.2,27.67,27.08,27.67,0.63,1.13,0.63,1.8,1,2,3,5,0
60849c6d966f178808d94543173cb93dog4gt                           ,7,2.33,1.75,6,7,3,7,4,1,1,1,1,27.05,27.21,27.05,27.9,27.05,27.61,0.67,1,0.57,2.33,1.33,1,5,3,0
3106ad6371a3b740e2af90635a4ad966zeu1u                           ,5,1,1.67,3,1,5,5,3,1,1,1,1,24.55,25.06,26.16,24.55,24.55,25.06,1,5,3,1,0.6,5,1,3,0
78c82f2e8764bc8001354128f9265efcqrthe                           ,5,2.5,1.67,2,3,2,5,3,2,1,1,1,26.25,27.17,26.77,27.17,26.25,26.77,1.5,1.67,1,2.5,1.5,3,4,3,0
e783e5f6b818d18eda4065282022ac23jd1fw                           ,5,2.5,1.67,2,4,2,5,3,1,1,1,1,26.76,27.68,26.98,27.68,26.76,27.27,1.5,1.25,0.75,2.5,1.5,2,4,2,0
45927dd51fb4301c459ab96d48f64752q0o9e                           ,10,1.67,1.67,8,9,6,10,6,1,1,1,1,26.99,27.21,27.1,27.5,26.99,27.5,0.75,1.11,0.67,1.67,1,2,3,4,0
3b8320619393a6f6bf12219b61cda688k4w4e                           ,5,2.5,1.67,5,5,2,5,3,1,1,1,1,27.56,27.56,27.56,28.48,27.56,28.08,0.6,1,0.6,2.5,1.5,1,4,2,0
8bf04b0a219c7834b25057c0220b4d0dhwdsg                           ,5,1.67,1.67,3,5,3,5,3,1,1,1,1,27.28,27.79,27.28,27.79,27.28,27.79,1,1,0.6,1.67,1,1,3,2,0
e932ef68638c37220f4c2c386cf54578x4hpn                           ,8,4,1.6,4,8,2,8,5,1,1,1,1,27.15,27.84,27.15,28.53,27.15,27.62,1.25,1,0.63,4,2.5,1,6,3,0
459ea22b6b51936d0788de9f78a3547bf4jrw                           ,14,14,1.56,2,12,1,14,9,1,1,1,1,26.1,28.05,26.26,28.74,26.1,26.54,4.5,1.17,0.75,14,9,2,14,6,0
24d4554556deeebf61510cf3e001edecu8hgj                           ,3,1,1.5,2,1,3,3,2,1,1,1,1,25.06,25.47,26.16,25.06,25.06,25.47,1,3,2,1,0.67,3,1,2,0
3ecced86078287dbd2eac2cfac98367fbbelu                           ,3,1,1.5,2,1,3,3,2,1,1,1,1,24.07,24.48,25.17,24.07,24.07,24.48,1,3,2,1,0.67,3,1,2,0
36473d4c641c4c09c20c80e2ab35a36dwzp5d                           ,3,3,1.5,3,2,1,3,2,1,1,1,1,27.61,27.61,28.01,28.71,27.61,28.01,0.67,1.5,1,3,2,2,3,2,0
848d3eaa622b26fe57d352eedd9649f4v6obv                           ,3,1.5,1.5,1,2,2,3,2,1,1,1,1,27.17,28.27,27.57,27.57,27.17,27.57,2,1.5,1,1.5,1,2,2,2,0
86a626c876e7eb4be35f4f0b0a78f97a1rn7h                           ,6,3,1.5,4,5,2,6,4,1,1,1,1,27.48,27.88,27.66,28.58,27.48,27.88,1,1.2,0.8,3,2,2,5,3,0
b79560ebfed7c8cbcfb97475812e0836twsnm                           ,6,2,1.5,6,5,3,6,4,1,1,1,1,27.44,27.44,27.62,28.13,27.44,27.84,0.67,1.2,0.8,2,1.33,2,4,3,0
0e373556d3bf588a1bb2ca6354120cf2dmvjs                           ,3,1.5,1.5,3,3,2,3,2,1,1,1,1,27.82,27.82,27.82,28.23,27.82,28.23,0.67,1,0.67,1.5,1,1,2,2,0
e2bda091a91082b774d59f2c5b8480ebbijs5                           ,3,1.5,1.5,3,3,2,3,2,1,1,1,1,28.09,28.09,28.09,28.5,28.09,28.5,0.67,1,0.67,1.5,1,1,2,2,0
1291b98e40353f77928e363d54a13c569bhfb                           ,3,1.5,1.5,3,3,2,3,2,1,1,1,1,23.16,23.16,23.16,23.57,23.16,23.57,0.67,1,0.67,1.5,1,1,2,2,0
537f38e5fcf2656968e0a1752dd494ba8z1jc                           ,3,1.5,1.5,3,3,2,3,2,1,1,1,1,26.92,26.92,26.92,27.32,26.92,27.32,0.67,1,0.67,1.5,1,1,2,2,0
9f280cd011f10593dc245dad1d93b11dy6rg5                           ,13,4.33,1.44,12,10,3,13,9,1,1,1,1,26.72,26.8,26.98,28.18,26.72,27.08,0.75,1.3,0.9,4.33,3,2,10,4,0
b8e47f06aef714b37073e72ac40a8100mew9c                           ,7,2.33,1.4,6,6,3,7,5,1,1,1,1,27.25,27.4,27.4,28.1,27.25,27.59,0.83,1.17,0.83,2.33,1.67,2,3,2,0
827da66b68b225547050c11df16f845618ptk                           ,4,4,1.33,3,3,1,4,3,1,1,1,1,27.24,27.53,27.53,28.62,27.24,27.53,1,1.33,1,4,3,2,4,2,0
603d769a86a359a0d41118b47c0ab41fx7kz5                           ,4,1.33,1.33,4,3,3,4,3,1,1,1,1,27.95,27.95,28.24,28.24,27.95,28.24,0.75,1.33,1,1.33,1,2,2,2,0
65435e491aa69dd9d44d70a9aeb6e847oqlty                           ,4,1.33,1.33,4,3,3,4,3,1,1,1,1,26.69,26.69,26.98,26.98,26.69,26.98,0.75,1.33,1,1.33,1,2,2,2,0
780566278695c3771f81afc605abdffa4143q                           ,4,4,1.33,4,4,1,4,3,1,1,1,1,27.14,27.14,27.14,28.53,27.14,27.43,0.75,1,0.75,4,3,1,4,2,0
0496c24a6a7f593f28bf7896350e946advl6i                           ,4,4,1.33,4,4,1,4,3,1,1,1,1,25.34,25.34,25.34,26.73,25.34,25.63,0.75,1,0.75,4,3,1,4,2,0
98783b6bd490f32f56c315307643c824nimw1                           ,4,2,1.33,4,4,2,4,3,1,1,1,1,27.2,27.2,27.2,27.89,27.2,27.48,0.75,1,0.75,2,1.5,1,3,2,0
0918eedd8324da06abe5600f058480dc75nfo                           ,4,1.33,1.33,2,4,3,4,3,1,1,1,1,27.88,28.58,27.88,28.17,27.88,28.17,1.5,1,0.75,1.33,1,1,2,2,0
af98b7d5a7c1ccd2968252a2fb1c06f69igbv                           ,4,1,1.33,3,4,4,4,3,1,1,1,1,27.5,27.78,27.5,27.5,27.5,27.78,1,1,0.75,1,0.75,1,1,2,0
07012e0507b4281d430b93ddcd96cae66und7                           ,9,4.5,1.29,9,8,2,9,7,1,1,1,1,27.1,27.1,27.22,28.61,27.1,27.35,0.78,1.13,0.88,4.5,3.5,2,8,2,0
b9fd0772481bf459179a3b4ab49171693im97                           ,9,4.5,1.29,8,8,2,9,7,1,1,1,1,26.94,27.06,27.06,28.44,26.94,27.19,0.88,1.13,0.88,4.5,3.5,2,8,2,0
666e1e141862a646afaa2b71fc7d2c25r1b4h                           ,10,3.33,1.25,6,7,3,10,8,1,1,1,1,26.82,27.33,27.18,28.03,26.82,27.05,1.33,1.43,1.14,3.33,2.67,3,7,3,0
25b58d1533e04571bbc674dab28973f8hha3w                           ,10,5,1.25,10,8,2,10,8,1,1,1,1,26.96,26.96,27.19,28.57,26.96,27.19,0.8,1.25,1,5,4,3,9,3,0
10c1e1164e3f8298df9a35c891f67babiycsr                           ,5,1,1.25,4,4,5,5,4,1,1,1,1,27.7,27.92,27.92,27.7,27.7,27.92,1,1.25,1,1,0.8,2,1,2,0
48117c1e2b56cfc8739f83683e01d9b2aoc66                           ,5,5,1.25,2,5,1,5,4,1,1,1,1,27.22,28.14,27.22,28.83,27.22,27.44,2,1,0.8,5,4,1,5,2,0
37921a9d842612b3b0281f7098d0002539xrj                           ,5,5,1.25,4,5,1,5,4,1,1,1,1,27.62,27.85,27.62,29.23,27.62,27.85,1,1,0.8,5,4,1,5,2,0
1456b44d8b2b16cd94278137269ceb11ns7wy                           ,6,6,1.2,6,6,1,6,5,1,1,1,1,26.95,26.95,26.95,28.74,26.95,27.13,0.83,1,0.83,6,5,1,6,2,0
5686520af5a4215a239418fec906f88e4she5                           ,6,2,1.2,6,6,3,6,5,1,1,1,1,27.39,27.39,27.39,28.09,27.39,27.57,0.83,1,0.83,2,1.67,1,4,2,0
8d8f705595701b921012777a281a553622300                           ,13,3.25,1.18,13,9,4,13,11,1,1,1,1,26.65,26.65,27.02,27.83,26.65,26.81,0.85,1.44,1.22,3.25,2.75,3,9,2,0
eace2a2890644d703c619fff7e41a9a16k7lf                           ,7,2.33,1.17,7,6,3,7,6,1,1,1,1,27.36,27.36,27.52,28.21,27.36,27.52,0.86,1.17,1,2.33,2,2,4,2,0
074daf9a99b01591cb0637cb95c32600roriz                           ,15,1.88,1.15,14,13,8,15,13,1,1,1,1,26.53,26.6,26.67,27.16,26.53,26.67,0.93,1.15,1,1.88,1.63,3,6,3,0
e268d06507859d78894a8f6e11995f48zls7t                           ,203,203,1.01,23,2,1,203,201,2,2,1,2,20.46,22.64,25.08,25.77,20.46,20.47,8.74,101.5,100.5,203,201,106,203,3,1
6533b670e02ccf583288ba7c8f5fb1carmirt                           ,89,89,1,12,1,1,89,89,1,1,1,1,21.14,23.15,25.63,25.63,21.14,21.14,7.42,89,89,89,89,89,89,1,1
e7445f6107c8cd3783fa722c7dd29fe6rcd3a                           ,2,2,1,2,1,1,2,2,1,1,1,1,28.01,28.01,28.7,28.7,28.01,28.01,1,2,2,2,2,2,2,1,0
aa8aeba2bdd0353a108b9b26f12ed59559mvz                           ,2,2,1,1,1,1,2,2,1,1,1,1,23.79,24.48,24.48,24.48,23.79,23.79,2,2,2,2,2,2,2,1,0
76ab7c99de4a3141bf617bf30bec9feep3zuy                           ,2,1,1,2,1,2,2,2,1,1,1,1,27.49,27.49,28.18,27.49,27.49,27.49,1,2,2,1,1,2,1,1,0
0181b91f58e6cbaa832235e2879c9c00ovrzi                           ,3,1.5,1,2,2,2,3,3,1,1,1,1,27.55,27.96,27.96,27.96,27.55,27.55,1.5,1.5,1.5,1.5,1.5,2,2,1,0
2baa5a9ec317cb21a11d83f6dc72a2d6xy9jb                           ,4,2,1,2,3,2,4,4,1,1,1,1,27.44,28.13,27.73,28.13,27.44,27.44,2,1.33,1.33,2,2,2,3,1,0
233e09e861813cd087e8937f32a29bccs7b3l                           ,6,6,1,5,6,1,6,6,1,1,1,1,27.43,27.61,27.43,29.22,27.43,27.43,1.2,1,1,6,6,1,6,1,0
4985bdbf8710c33fd7c9d4771db7c690mcbyr                           ,5,5,1,4,5,1,5,5,1,1,1,1,27.66,27.88,27.66,29.27,27.66,27.66,1.25,1,1,5,5,1,5,1,0
99bfa04865566ca88573ebfd3c7fb1f2c64cr                           ,7,3.5,1,3,7,2,7,7,1,1,1,1,27.12,27.97,27.12,28.37,27.12,27.12,2.33,1,1,3.5,3.5,1,6,1,0
34a7ce35b13775be4e20930ba2788a3ebu5n0                           ,3,3,1,1,3,1,3,3,1,1,1,1,27.66,28.76,27.66,28.76,27.66,27.66,3,1,1,3,3,1,3,1,0
d3ab33e9314c95d6806813171f292299tmprm                           ,3,3,1,3,3,1,3,3,1,1,1,1,28.08,28.08,28.08,29.18,28.08,28.08,1,1,1,3,3,1,3,1,0
ccc371d7848a80bc31941248b9f49b95hn694                           ,3,3,1,3,3,1,3,3,1,1,1,1,27.32,27.32,27.32,28.42,27.32,27.32,1,1,1,3,3,1,3,1,0
c6f07c222aa3a9d35b0e01f8959ffd21oownr                           ,3,3,1,2,3,1,3,3,1,1,1,1,27.6,28.01,27.6,28.7,27.6,27.6,1.5,1,1,3,3,1,3,1,0
86b6207b5e87d58ae307bdc1545a101akz0ew                           ,5,2.5,1,5,5,2,5,5,1,1,1,1,27.59,27.59,27.59,28.5,27.59,27.59,1,1,1,2.5,2.5,1,4,1,0
8a958e0092f6ca984107ea6c3975f806c59m2                           ,2,2,1,1,2,1,2,2,1,1,1,1,27.13,27.82,27.13,27.82,27.13,27.13,2,1,1,2,2,1,2,1,0
8ab98c1e6cbfb902af4e02050a886396a40bg                           ,2,2,1,2,2,1,2,2,1,1,1,1,26.76,26.76,26.76,27.45,26.76,26.76,1,1,1,2,2,1,2,1,0
9fbfbd8a57e4d4b18338063ffa43f1bez92lt                           ,2,2,1,1,2,1,2,2,1,1,1,1,28.33,29.03,28.33,29.03,28.33,28.33,2,1,1,2,2,1,2,1,0
a6f994251abda6687ada2e9de52bddb5cisa7                           ,2,2,1,2,2,1,2,2,1,1,1,1,24.61,24.61,24.61,25.3,24.61,24.61,1,1,1,2,2,1,2,1,0
a262e805f766306f4adb38211abf235akxqh8                           ,2,2,1,1,2,1,2,2,1,1,1,1,26.42,27.11,26.42,27.11,26.42,26.42,2,1,1,2,2,1,2,1,0
5fc9437841f1dbbe63a3a933c48472fcohutg                           ,2,2,1,1,2,1,2,2,1,1,1,1,28.02,28.71,28.02,28.71,28.02,28.02,2,1,1,2,2,1,2,1,0
fe27fe0815883aa3e1a312f0dcb45981txa2m                           ,2,2,1,2,2,1,2,2,1,1,1,1,28.57,28.57,28.57,29.27,28.57,28.57,1,1,1,2,2,1,2,1,0
5aeb71cdc92fe5d1c4a4e127d7ca7783gzje9                           ,2,2,1,2,2,1,2,2,1,1,1,1,27.88,27.88,27.88,28.58,27.88,27.88,1,1,1,2,2,1,2,1,0
764234598477e02cbf8a43983fd43850l1c8f                           ,2,2,1,2,2,1,2,2,1,1,1,1,26.21,26.21,26.21,26.9,26.21,26.21,1,1,1,2,2,1,2,1,0
6f6c9a1964fd4bbc082f2afdbf2d2af6ypdhn                           ,2,2,1,1,2,1,2,2,1,1,1,1,26.55,27.24,26.55,27.24,26.55,26.55,2,1,1,2,2,1,2,1,0
781972f2af3af2abc492f9dbb0f6fceahnban                           ,2,2,1,2,2,1,2,2,1,1,1,1,28.49,28.49,28.49,29.18,28.49,28.49,1,1,1,2,2,1,2,1,0
722d1147768bdb5918584997e1f677e55g0nv                           ,4,2,1,2,4,2,4,4,1,1,1,1,27.73,28.42,27.73,28.42,27.73,27.73,2,1,1,2,2,1,2,1,0
69b32dd82f265a04826106d17e2bac9ao9fu8                           ,2,2,1,2,2,1,2,2,1,1,1,1,28.04,28.04,28.04,28.73,28.04,28.04,1,1,1,2,2,1,2,1,0
f2bf8c94172c4d71076e151cb4e136007iiur                           ,2,2,1,2,2,1,2,2,1,1,1,1,28.31,28.31,28.31,29.01,28.31,28.31,1,1,1,2,2,1,2,1,0
90953913d629a03e27590d0d0f64456601ktd                           ,2,2,1,2,2,1,2,2,1,1,1,1,25.86,25.86,25.86,26.55,25.86,25.86,1,1,1,2,2,1,2,1,0
92a63dbb8323426833b944a4fc196fe27pzha                           ,2,2,1,2,2,1,2,2,1,1,1,1,28.44,28.44,28.44,29.13,28.44,28.44,1,1,1,2,2,1,2,1,0
fdad47d27b793b74470086c35333d4fepycsl                           ,2,2,1,2,2,1,2,2,1,1,1,1,25.86,25.86,25.86,26.55,25.86,25.86,1,1,1,2,2,1,2,1,0
b7515e5f181a6d4884674897226cfe9cpd6d6                           ,2,2,1,2,2,1,2,2,1,1,1,1,26.1,26.1,26.1,26.79,26.1,26.1,1,1,1,2,2,1,2,1,0
069d020584a0e8c61e622321d4c43881j7pl3                           ,2,2,1,2,2,1,2,2,1,1,1,1,25.92,25.92,25.92,26.61,25.92,25.92,1,1,1,2,2,1,2,1,0
1b268ea4fe034638a92d683b94bcb330vee4w                           ,2,2,1,2,2,1,2,2,1,1,1,1,28.51,28.51,28.51,29.2,28.51,28.51,1,1,1,2,2,1,2,1,0
eefb0b863345336dce70312ff0f8faeb9qksv                           ,2,2,1,1,2,1,2,2,1,1,1,1,27.31,28,27.31,28,27.31,27.31,2,1,1,2,2,1,2,1,0
faaa98763b59ed5f02836d4bd682035bfhujq                           ,2,2,1,2,2,1,2,2,1,1,1,1,23.68,23.68,23.68,24.37,23.68,23.68,1,1,1,2,2,1,2,1,0
9ca41c3c062146a06d2682835f5136807yao2                           ,5,1.67,1,5,5,3,5,5,1,1,1,1,27.5,27.5,27.5,28.01,27.5,27.5,1,1,1,1.67,1.67,1,3,1,0
